TLM International Inc.,,,,,,,
Inventory Availability,,,,,,,
  ,,,,,,,
Part,Description,"On
Hand",Allocated,Available,"Available
to Pick","On
Order",Committed
1000-FLTR2023,"Filter for A6055, GEN30 Elite Heater - SCI",531,0,531,531,0,0
10190,"Nation Creation - SCRelief Basic Herb Pack, Red/Blue Marble",0,0,0,0,0,0
10191,Nation Creation - SCRelief Spine & Back Pack,0,0,0,0,0,0
10192,"Nation Creation - SCRelief Upper Body Wrap, Red/Blue Marble",0,0,0,0,0,0
1050T3-24,Forklift Charge Used Condition Model Number 1050T3-24,1,0,1,1,0,0
2-CH2.5-3P-2000-WT,Signal Connection Wire,5,0,5,5,0,0
20669RB-BR-SN,Installation bracket,0,0,0,0,0,0
20669RB-SN,"LED Puck Light, 12-24V DC, 1.5W/2.5W/3.5W , 3000K/4000K/5000K",55,0,55,55,50,0
20881B-SG-WW,LED low-voltage cabinet light,0,0,0,0,0,0
20924-DF-3000,"LED Light Cover, White",30,0,30,30,32,0
20925-EC-TG,Single Door Control End Cap Kit,40,0,40,40,0,0
20925-IB-S2-TG,Installation Brackets,40,0,40,40,0,0
20925-RL-TG,"Connector for Door Control, Black",40,0,40,40,0,0
20925-TG-3000,10 Feet LED Light,30,0,30,30,32,0
20925W-TG,Sensor Switch of LED Drawer Light,40,0,40,40,0,0
21806-3000-TG,"LED track  (Size : 3000x14x12mm , Cutout : 12x12mm)",50,0,50,50,50,0
21806A30-TG-NW-24V,"LED spot light on track, DC 24V, 1W, 4000K",200,0,200,200,50,0
21806B30-TG-NW-24V,"LED spot light on track, DC 24V, 1W, 4000K",200,0,200,200,50,0
21806BR-3000-TG,"Mini Track cover, PVC material, 10.1x7.9x3000mm",50,0,50,50,50,0
21806C-TG-NW-24V,"LED spot light on track, DC 24V, 7W, 4000K, 7 pcs",100,0,100,100,50,0
21806CP-TG,"Mini Track Charger, Input DC 12V/24V, Output 5V, 2A/10W, with Type-C charging port",50,0,50,50,43,0
21806D-3000-TG-NW-24V,"W/ini Track Anti-glare Linear Light, DC 24V, 7.5W/M, 4000K, 3000mm",50,0,50,50,50,0
21806D-EC-TG,End Caps of Anti-glare Linear Light,200,0,200,200,200,0
21806F-TG-NW-24V,"Mini Track LED Puck Light, DC 24V, 2W, 4000K, 50x12.6mm",5,0,5,5,5,0
21806IB-S10,"Installation Bracket (Stainless steel), 10 pcs/set",30,0,30,30,50,0
21806IC-TG,"180 Degree Connector, DC 24V, 5A",50,0,50,50,50,0
21806IP-TG,"Input Connector, DC 24V, 5A",50,0,50,50,50,0
21806LC-TG,"90 Degree Connector, DC 24V, 5A",50,0,50,50,50,0
21806M-TG,"Input connector with movement sensor, DC 24V, 3A",50,0,50,50,50,0
21806TC-TG,"90 Degree Connector, DC 24V, 5A",50,0,50,50,50,0
31032-1000-GR-WW,LED glass splint light,0,0,0,0,0,0
31038-3000-TG-NW-12W/M-24V,LED undercabinet light,11,0,11,11,0,0
31038-EC-TG,Extension cable,84,0,84,84,0,0
31044-1000-GR-WW-7.5W/M,LED surface-mounted rear shelf light,0,0,0,0,0,0
31045-1000-GR-WW,LED glass rear shelf light,0,0,0,0,0,0
31056-3000-TG-5000K-12W/M-24V,"Surface mount Solder free LED linear light, DC 24V, 12W/M, 5000K, 3M/pc",50,0,50,50,25,0
31056-3000-TG-NW-12W/M-24V,"Surface mount Solder free LED linear light, DC 24V, 12W/M, 4000K, 3M/pc",49,0,49,49,50,0
31056-559-TG-CW-24V-24V,LED-FS24 COOL WHITE,5,0,5,5,0,0
31056-566-TG-5000K-12W/M-24V,LED undercabinet light,25,0,25,25,0,0
31056-762-TG-CW-24V-24V,LED-FS30 COOL WHITE,5,0,5,5,0,0
31056-769-TG-5000K-12W/M-24V,LED undercabinet light,25,0,25,25,0,0
31056-914-TG-CW-24V-24V,LED-FS36 COOL WHITE,5,0,5,5,0,0
31056-921-TG-5000K-12W/M-24V,LED undercabinet light,25,0,25,25,0,0
31056-EC,"Solder-free connect wire and end cap kit  (1.5M 24# White Cable with 91505-MP, End Cap)",299,0,299,299,200,0
31056-IB-S10,"Installation Bracket - stainless steel, 10 pcs (with screws)",59,0,59,59,50,0
31056-WIC,"Linking Cable, 2M24# White Cable with End Caps",200,0,200,200,150,0
31119C-1000-GR-WW,LED recessed cabinet light strip,0,0,0,0,0,0
31121M-1000-GR-WW,LED hand-scan sensor handle-free aluminum lamp,0,0,0,0,0,0
31121M-724-GR-WW,"LED hand-scan sensor handle-free aluminum, 724-GR",0,0,0,0,0,0
31121M-800-GR-WW,"LED hand-scan sensor handle-free aluminum, 800-GR",0,0,0,0,0,0
31121M-876-GR-WW,"LED hand-scan sensor handle-free aluminum, 876-GR",0,0,0,0,0,0
31122K-1000-GR-WW,LED light line separation embedded lamp bar,0,0,0,0,0,0
31127-1000-GR-WW,LED surface-mounted cabinet strip lights,0,0,0,0,0,0
31130K-1000-GR-WW,LED cord break recessed light strip,0,0,0,0,0,0
31134-178-TG-CW-24V,"LED-W09 COOL WHITE , LED Lighting (Titanium Gray) - 178 MM (7 IN) , Cool White",15,0,15,15,0,0
31134-186-TG-5000K-12W/M-24V,LED undercabinet light,25,0,25,25,0,0
31134-254-TG-CW-24V,"LED-W12 COOL WHITE, LED Lighting (Titanium Gray) - 254 MM (10 IN) , Cool White",5,0,5,5,0,0
31134-262-TG-5000K-12W/M-24V,LED undercabinet light,25,0,25,25,0,0
31134-3000-TG-5000K-12W/M-24V,"LED undercabinet light , 31134-3000-TG-5000K-12W/M-24V",0,0,0,0,144,0
31134-3000-TG-5000K-24V,"Solder-free LED Surface mount linear light, DC 24V, 12W/M, 5000K, 3M/pc",192,0,192,192,0,0
31134-3000-TG-CW-12W/M-24V,"LED Aluminum Strip Light, 24V DC, 12W/M, CW6500K, Anthracite",0,0,0,0,0,0
31134-3000-TG-CW-24V,LED-10 FT COOL WHITE (9.8 ft),15,0,15,15,0,0
31134-3000-TG-NW-12W/M-24V,"LED Solder-Free Linear Light, 24V DC, 12W/M, NW4000K, Anthracite",0,0,0,0,0,0
31134-3000-TG-WW-12W/M-24V,"LED Aluminum Strip Light, 24V DC, 12W/M, WW3000K, Anthracite",0,0,0,0,0,0
31134-330-TG-CW-24V,"LED-W15 COOL WHITE, LED Lighting (Titanium Gray) - 330 MM (13 IN) , Cool White",5,0,5,5,0,0
31134-338-TG-5000K-12W/M-24V,LED undercabinet light,35,0,35,35,0,0
31134-381-TG-CW-24V,LED-WDC COOL WHITE,5,0,5,5,0,0
31134-389-TG-5000K-12W/M-24V-S2,LED undercabinet light,35,0,35,35,0,0
31134-406-TG-CW-24V,"LED-W18 COOL WHITE, LED Lighting (Titanium Gray) - 406 MM (16 IN) , Cool White",5,0,5,5,0,0
31134-414-TG-5000K-12W/M-24V,LED undercabinet light,35,0,35,35,0,0
31134-483-TG-CW-24V,"LED-W21 COOL WHITE, LED Lighting (Titanium Gray) - 483 MM (19 IN) , Cool White",5,0,5,5,0,0
31134-491-TG-5000K-12W/M-24V,LED undercabinet light,35,0,35,35,0,0
31134-559-TG-CW-24V,"LED-W24 COOL WHITE, LED Lighting (Titanium Gray) - 559 MM (22 IN) , Cool White",15,0,15,15,0,0
31134-567-TG-5000K-12W/M-24V,LED undercabinet light,35,0,35,35,0,0
31134-635-TG-CW-24V,"LED-W27 COOL WHITE, LED Lighting (Titanium Gray) - 635 MM (25 IN) , Cool White",5,0,5,5,0,0
31134-643-TG-5000K-12W/M-24V,LED undercabinet light,35,0,35,35,0,0
31134-711-TG-CW-24V,"LED-W30 COOL WHITE, LED Lighting (Titanium Gray) - 711 MM (28 IN) , Cool White",10,0,10,10,0,0
31134-719-TG-5000K-12W/M-24V,LED undercabinet light,50,0,50,50,0,0
31134-787-TG-CW-24V,"LED-W33 COOL WHITE, LED Lighting (Titanium Gray) - 787 MM (31 IN) , Cool White",10,0,10,10,0,0
31134-795-TG-5000K-12W/M-24V,LED undercabinet light,50,0,50,50,0,0
31134-864-TG-CW-24V,"LED-W36 COOL WHITE, LED Lighting (Titanium Gray) - 864 MM (34 IN) , Cool White",30,0,30,30,0,0
31134-872-TG-5000K-12W/M-24V,LED undercabinet light,50,0,50,50,0,0
31134-940-TG-CW-24V,"LED-W39 COOL WHITE, LED Lighting (Titanium Gray) - 940 MM (37 IN) , Cool White",5,0,5,5,0,0
31134-948-TG-5000K-12W/M-24V,LED undercabinet light,25,0,25,25,0,0
31134-EC-TG,End Caps & Wires Kit of LED Solder-Free Linear Light (Surface Mounted),700,0,700,700,600,0
31134-IB-S10,Installation Brackets,174,0,174,174,150,0
31134-IC-TG,End to End Connector,"1,008",0,"1,008","1,008","1,000",0
31134-WIC-TG,Linking Cable,600,0,600,600,600,0
31134M-EC-TG,End Cap with Movement Switch & Dimmer,0,0,0,0,0,0
31134P-EC-TG,Solder-Free Connect Wire and End Cap Kit (with PIR Sensor Switch),0,0,0,0,0,0
31138-3000-TG-CW-12W/M-24V,"LED Free-Soldering Profile Light, 24V DC, 12W/M, CW6500K, Anthracite",0,0,0,0,0,0
31138-3000-TG-NW-12W/M-24V,"LED Free-Soldering Profile Light, 24V DC, 12W/M, NW4000K, Anthracite",72,0,72,72,72,0
31138-3000-TG-WW-12W/M-24V,"LED Free-Soldering Profile Light, 24V DC, 12W/M, WW3000K, Anthracite",48,0,48,48,48,0
31138-EC-TG,"End Cap and Quick Connector, Anthracite",200,0,200,200,200,0
31138-IB-S10,Installation Bracket,109,0,109,109,100,0
31138-IC,Middle Connector,50,0,50,50,50,0
31138-LC,L-Shape Connector,51,0,51,51,50,0
31138M-EC-TG,"Quick Connector with Built-In Movement Sensor, Anthracite",0,0,0,0,0,0
31138P-EC-TG,"Quick Connector with Built-In PIR Sensor, Anthracite",0,0,0,0,0,0
425-C30TT-2017,"Raymond Forklift 2017  (Used Condition) , Model 425-C30TT",0,0,0,0,0,0
425-C30TT-2018,"Raymond Forklift 2018  (Used Condition) , Model 425-C30TT",2,0,2,2,0,0
425-C30TT-2020,"Raymond Forklift 2020  (Used Condition) , Model 425-C30TT",1,0,1,1,0,0
425-C30TT-2022,"Raymond Forklift 2022  (Used Condition) , Model 425-C30TT",5,0,5,5,0,0
425-C30TT-2023,"Raymond Forklift 2023  (Used Condition) , Model 425-C30TT",0,0,0,0,0,0
425-C40QM,Raymond Forklift 2015 (Used Condition) 425-C40QM,1,0,1,1,0,0
425-C40TT-2024,"Raymond Forklift 2024  (Used Condition) , Model 425-C40TT",0,0,0,0,0,0
6-Angle Screwdriver,6-Angle Screwdriver,0,0,0,0,0,0
750H3-18C,Forklift Charger Used Condition Model Number 750H3-18C,1,0,1,1,0,0
8400-2010,"Raymond 8400 Ride-On Electric Pallet Jack, Used Condition",0,0,0,0,0,0
8410,"Raymond 8400 Ride-On Electric Pallet Jack, Used Condition",0,0,0,0,0,0
91205-2000-WT,Extension cord,40,0,40,40,0,0
91209UE-1M-WT,"Extension Cable, suitable for power supply LDR-24V96W",55,0,55,55,50,0
91505-91505MP-1000-WT,Six-hole junction box,5,0,5,5,0,0
91505MP-1000-WT,"White Cable with Male Plug , 40-Inch Long",0,0,0,0,0,0
96608C-BK,LED door control sensor switch,0,0,0,0,0,0
96609C-BK,LED double-head door control sensor switch,0,0,0,0,0,0
96638CB-BK,LED human-body sensor switch,4,0,4,4,0,0
96663D-WT,"LED touch dimmer switch, WT",9,0,9,9,0,0
96666PDS-BK,LED wireless human-body infrared sensor,0,0,0,0,0,0
96668DS-BK,LED wireless touch switch,0,0,0,0,0,0
96675S-BK,LED wireless door-control hand-scan sensor,8,0,8,8,0,0
96677P-BK,LED human-body sensor (with light sensor),0,0,0,0,0,0
96678D-GR,"LED touch dimmer switch, GR",0,0,0,0,0,0
96686DS-TG,"LED wireless emitter of remote control switch & dimmer (3V/620mAh/CR2450, 10M wireless control distance)",50,0,50,50,0,0
96686PDS-BK,"LED Wireless PIR Sensor, Switch & Dimmer, 12/24V DC, Black",0,0,0,0,0,0
966WR-5A-BK,LED wireless receiver,18,0,18,18,0,0
966WR-5A-U-BK,"RF wireless receiver, DC 12V / DC 24V, 5A, Built-in 6-Way Sockets, 1M 20# Black cable with 91505-MP",60,0,60,60,50,0
968-FP2021,Face Plate for GEN30 Classic Heater - SCI,"2,109",0,"2,109","2,109",0,0
968-RMT2021,Remote for GEN30 Classic Heater - SCI,"1,500",0,"1,500","1,500",0,0
968H-FP2021,Face Plate for GEN30 Hybrid Heater w/ Humidifier - SCI,0,0,0,0,0,0
968H-RMT2021,Remote for GEN30 Hybrid Heater w/ Humidifier - SCI,0,0,0,0,0,0
978-LABEL2021,Label for classic 2021 Heater DR-978 - SCI,"2,550",0,"2,550","2,550",0,0
978-RMT2021,Remote for classic 2021 Heater DR-978 - SCI,"2,550",0,"2,550","2,550",0,0
AMZ-12FAN,"24V Workstation Fan, 12"" with Fan Controller",459,0,459,459,"3,150",0
AMZ-12FC,24V Fan Controller,505,0,505,505,"3,150",0
AUPW-2000,Power Cord replacement (with Plug) for DR-123,0,0,0,0,"2,238",0
BC-618,BC-618 Back2Crawl Horizontal Crawling Exerciser - Professional Series,0,0,0,0,0,0
CABASE-EV150CM-B,"Electric Cargo Tricycle, 1.5 Meters Medium Size, Dark Blue",0,0,0,0,0,0
Copy of WH-MT968,"Maztang MT968 18 inch 13.5 Amps Electric Snow Blower,",0,0,0,0,0,0
Costco CRX,TLM INTERNATIONAL INC Costco US-SMALL VENDOR-PREMIUM,0,0,0,0,0,0
DR-001,DR-001 Direct Load Wall thermostat,"1,943",0,"1,943","1,943",0,0
DR-003,Dr Infrared Heater Glass Adhesive Tape and Warning labels,500,0,500,500,0,0
DR-005,Dr Infrared Heater Installation Monitor Electric Floor Heating Cable,61,0,61,61,0,0
DR-006-1P,Dr. Heater Roof Clips (1 pcs),"1,580",0,0,0,0,0
DR-007,Dr Infrared Heater Hanger Bracket,296,0,296,296,0,0
DR-008,Dr Infrared Heater WIFI Thermostat For Electric Radiant Floor Heating,100,0,100,100,0,0
DR-009,"Heated Rubber Snow Melting Mat 300W, 23x40 Inches, Mat Only",201,0,201,201,0,0
DR-100,10-Feet GFCI Power Cord For DR-009,66,0,66,66,0,0
DR-1000,"Infrared Heater with HEPA air filter and air purifier, wooden box",7,0,7,7,0,0
DR-1001,Freestanding Infrared Indoor/Outdoor Portable Heater,"2,697",0,"2,697","2,697",0,0
DR-101,"DR-101 Heated Rubber Snow melting mat 300W, 23x40 inches with 10Ft GFCI cable",221,0,221,221,0,0
DR-1100HP,"DR-1100HP Full DC Inverter Pool Heat Pump, 110K BTU",72,0,72,72,0,0
DR-122,Bedbug Heater,505,0,505,505,500,0
DR-122X4,Bed bug heater - Large,145,0,143,143,1,0
DR-123,"DR-123 Indoor Portable Space Heater with Remote Control, 1500W",179,0,177,177,"5,564",0
DR-1400HP,"DR-1400HP Full DC Inverter Pool Heat Pump, 140K BTU",58,0,58,58,0,0
DR-211,"Tripod for DR-338, DR-368","1,273",0,"1,273","1,273",0,0
DR-218-1500W,"DR218-1500W Greenhouse Garage Workshop Heater, 1500W",461,0,461,461,"1,919",0
DR-218-3000W,"DR218-3000W Greenhouse Garage Workshop Heater, 3000W",570,0,570,570,501,0
DR-222,"DR-222 Patio Heater, 1500W, Black",41,0,41,41,0,0
DR-233,"DR-233 Patio Heater, 1500W, Black",1,0,1,1,0,0
DR-238,"Dr. Infrared Heater DR-238 carbon infrared patio heater, 1500W","1,275",0,"1,272","1,272","2,650",0
DR-238EU,"DR-238EU Carbon Infrared Heater , 3000-Watt  (only for EU Market)",739,0,739,739,0,0
DR-238S,"Dr Infrared Heater DR-238S Carbon Infrared Patio Heater, 1500W, Silver",37,0,36,36,0,0
DR-238UK,"DR-238UK Carbon Infrared Heater , 2500-Watt  (only for UK Market)",450,0,450,450,0,0
DR-239,"DR-239 Infrared Carbon Patio Heater, 3000-Watt","1,737",0,"1,737","1,737","1,202",0
DR-245,DR-245 Patio Heater 4500W,0,0,0,0,500,0
DR-268,Dr Infrared Heater DR-268 Smart Greenhouse Heater,"2,373",0,"2,273","2,273","2,641",0
DR-288,Dr. Infrared Heater 1500W carbon infrared heater,0,0,0,0,0,0
DR-298,"Dr. Infrared Heater Freestanding Infrared Indoor/Outdoor Portable Heater, Remote, Black, 1500W","4,018",0,"4,018","4,018",1,0
DR-338,DR-338 Patio Heater with Tripod,956,0,362,362,0,0
DR-368,"DR-368 Indoor Outdoor Infrared Heater with a Tripod, Exclusive for Costco",2,0,2,2,0,0
DR-368E,"DR-368 Indoor Outdoor Infrared Heater with a Tripod, Exclusive for Costco Online",47,0,47,47,0,0
DR-6056,Cover for Edenpure all-season heater,0,0,0,0,0,0
DR-650HP,"DR-650HP Full DC Inverter Pool Heat Pump, 65K BTU",232,0,232,232,0,0
DR-838,DR-838 Family Red Ceramic Space Heater with Adjustable Thermostat,1,0,1,1,0,0
DR-900HP,"DR-900HP Full DC Inverter Pool Heat Pump, 90K BTU",95,0,95,95,0,0
DR-908,"DR-908 Infrared Wall Mount or Portable Space Heater , 1500W , White",269,0,269,269,0,0
DR-908W,"DR-908W Infrared Wall Mount Heater , 1500W , WiFi version",180,0,180,180,"1,800",0
DR-910F,DR-910F 10000-Watt 240-Volt Heavy-Duty Hardwired Shop Garage Heater,2,60,0,2,400,0
DR-910M,DR-910M 10000-Watt 240-Volt Heavy-Duty Hardwired Shop Garage Heater,277,0,277,277,0,0
DR-920,Graphene heater 240V / 6000W,0,0,0,0,0,0
DR-966,"DR. INFRARED HEATER DR-966 240-Volt Hardwired Commercial Heater, 3000W / 6000W","1,471",0,"1,471","1,471",0,0
DR-966B,"Dr. Infrared Heater DR-966B 240V Hardwired Shop Garage Commercial Heater, 3000W/6000W, Black",357,0,357,357,0,0
DR-968,DR-968 Dr Heater Original Model,"3,695",0,"3,694","3,690","4,414",4
DR-968H,"DR-968H Infrared Portable Space Heater with Humidifier, 1500W","3,071",0,"3,071","3,070",0,1
DR-975,DR-975 7500-Watt 240-Volt Hardwired Shop Garage Electric Heater,704,0,704,702,814,2
DR-978,DR-978 Dual Heating Hybird Space Heater,955,0,955,955,"1,200",0
DR-988,DR-988 Portable 5600W Industrial Garage Heater,"1,485",0,"1,485","1,484",0,1
DR-988G,"Dr. Infrared Heater DR-988G Industrial Garage Heater, Grey",0,0,0,0,0,0
DR-988Y,"Dr infrared heater DR-988Y, 5600W Garage",0,0,0,0,0,0
DR-991,Dr Infrared Heater DR-991 Portable Electric Infrared Fireplace Space Heater with Humidifier & Remote,7,0,4,4,"1,879",0
DR-998,"DR-998 (Cherry) Space Heater with Humidifier, Elite Series","2,252",0,"2,252","2,252","2,030",0
DR-998W,DR-998W (Walnut) Heater Elite Series,"1,284",0,"1,284","1,284","2,030",0
DR-999,"DR-999 Space Heater with Nightstand Design, 1500W, Cherry",143,0,143,143,0,0
DR-9FH110,"DR-9FH110, 10 Sqft 120V Electric Radiant Floor Heating Cable Kit with WIFI Thermostat and Installation Monitor, App control",71,0,71,71,0,0
DR-9FH1100,"DR-9FH1100, 100 Sqft 120V Electric Radiant Floor Heating Cable Kit with WIFI Thermostat and Installation Monitor, App control",54,0,54,54,0,0
DR-9FH1110,"DR-9FH1110, 110 Sqft 120V Electric Radiant Floor Heating Cable Kit with WIFI Thermostat and Installation Monitor, App control",73,0,72,72,0,0
DR-9FH120,"DR-9FH120, 20 Sqft 120V Electric Radiant Floor Heating Cable Kit with WIFI Thermostat and Installation Monitor, App control",54,0,53,53,0,0
DR-9FH140,"DR-9FH140, 40 Sqft 120V Electric Radiant Floor Heating Cable Kit with WIFI Thermostat and Installation Monitor, App control",18,0,18,18,80,0
DR-9FH150,"DR-9FH150, 50 Sqft 120V Electric Radiant Floor Heating Cable Kit with WIFI Thermostat and Installation Monitor, App control",76,0,76,76,0,0
DR-9FH2120,"DR-9FH2120, 120 Sqft 240V Electric Radiant Floor Heating Cable Kit with WIFI Thermostat and Installation Monitor, App control",81,0,81,81,0,0
DR-9FH2140,"DR-9FH2140, 140 Sqft 240V Electric Radiant Floor Heating Cable Kit with WIFI Thermostat and Installation Monitor, App control",74,0,73,73,0,0
DR-9FH2240,"DR-9FH2240, 240 Sqft 240V Electric Radiant Floor Heating Cable Kit with WIFI Thermostat and Installation Monitor, App control",71,0,71,71,0,0
DR-9FH2300,"DR-9FH22300, 300 Sqft 240V Electric Radiant Floor Heating Cable Kit with WIFI Thermostat and Installation Monitor, App control",69,0,69,69,0,0
DR-9RC1006,"6-FT Heating Cables for Pipes and Roof De-Icing, 120V, 72W, 6FT",164,0,164,164,0,0
DR-9RC1012,"12-FT Heating Cables for Pipes and Roof De-Icing, 120V, 144W, 12FT",63,0,63,63,0,0
DR-9RC1018,"18-FT Heating Cables for Pipes and Roof De-Icing, 120V, 216W, 18FT",51,0,51,51,0,0
DR-9RC1024,"24-FT Heating Cables for Pipes and Roof De-Icing, 120V, 288W, 24FT",27,0,27,27,80,0
DR-9RC1050,"50-FT Heating Cables for Pipes and Roof De-Icing, 120V, 600W, 50FT",36,0,36,36,100,0
DR-9RC1075,"75-FT Heating Cables for Pipes and Roof De-Icing, 120V, 900W, 75FT",47,0,47,47,50,0
DR-9RC1100,"100-FT Heating Cables for Pipes and Roof De-Icing, 120V, 1200W, 100FT",107,0,107,107,0,0
DR-9RC1125,"125-FT Heating Cables for Pipes and Roof De-Icing, 120V, 1500W, 125FT",3,0,3,3,180,0
DR-9RC2200,"200-FT Heating Cables for Pipes and Roof De-Icing, 240V, 2400W, 200FT",40,0,40,40,50,0
DR-9RC2250,"250-FT Heating Cables for Pipes and Roof De-Icing, 240V, 3000W, 250FT",45,0,45,45,100,0
DR-P130,"Dr Infrared Heater DR-P130 Heavy Duty Electric Fan Unit Heater, 208V/3KW",103,0,103,103,200,0
DR-P2100,"Dr Infrared Heater DR-P2100 208V/240V, 7.5KW/10KW, Unit Heater",102,0,102,102,200,0
DR-P3150,"Dr Infrared Heater DR-P3150 208V/240V, 11.2KW/15KW, Unit Heater",34,0,34,31,300,0
DR-P3200,"Dr. Infrared Heater DR-P3200 480V, 20KW, Three phase Unit Heater",47,0,47,47,200,0
DR-P350,"Dr Infrared Heater DR-P350 480V, 5KW, Three Phase Unit Heater",87,0,86,86,500,0
DR-PS101,"DR-PS101, 9 Feet, 50A Power Cord with NEMA 6-50P Plug",884,0,884,884,0,0
DR-PS102,"Dr Infrared Heater 15 FT Power Cord, Black",129,0,129,129,0,0
DR-PS103,"Dr Infrared Heater  25 FT Power Cord, Black",31,0,31,31,0,0
DR-PS11024,"DR-PS11024 Salamander, Single Phase, 240-Volt Portable Heater",62,0,56,56,459,0
DR-PS11524,"DR-PS11524 Salamander Construction 15000-Watt, Single Phase, 240-Volt Heater,",293,0,293,293,228,0
DR-PS31520,"Dr. Infrared Heater DR-PS31520 Salamander Construction 15000-Watt, Triple Phase, 208-Volt",0,0,0,0,0,0
DR-RV106,"Dr Infrared Heater 6FT 7-Way RV Cables, Black",683,0,682,682,0,0
DR-RV108,"Dr Infrared Heater 8FT 7-Way RV Cables, Black",112,0,112,112,0,0
DR988 HEATING COIL,HEATING COIL,0,0,0,0,0,0
E45XN-33,"Hyster E45XN-33 sit down forklift, used condition",1,0,1,1,0,0
E973C-41,"Forklift Charger (Used Condition) , Model Number E973C-41",8,0,8,8,0,0
EF3-12-550,Forklift Charger Used Condition Model Number EF3-12-550,1,0,1,1,0,0
EP-AM70,Panasonic Message Chair EP-AM70  (sample),0,0,0,0,0,0
F3NG18/8,"Forklift Charger (Used Condition) , Model Number F3NG18/8",6,0,6,6,0,0
FAN-SFST-CNVKIT,Conversion Kit for Exhaust Fan with SFST,15,0,15,15,0,0
FC4500,"Crown FC4500 four wheel sit down forklift, used condition",1,0,1,1,0,0
FC4525-40,"Crown Forklift (Used Condition) , Model FC4525-40",1,0,1,1,0,0
FREIGHT SHIPPING,FREIGHT SHIPPING,0,0,0,0,0,0
FS3LUE-533,"Forklift Charger (Used Condition) , Model Number FS3LUE-533",3,0,3,3,0,0
I3-BASKET,Basket for i3 scooter,65,0,65,65,0,0
I3-BASKET-HOOK,Hooks for the i3 basket,152,0,152,152,0,0
i3-BATTERY,Battery for i3 scooter,48,0,48,48,0,0
I3-BELL,i3 Bell,442,0,418,418,0,0
I3-BU,"iLIVING i3 Foldable Scooter, 16"" Seat Blue",0,0,0,0,0,0
I3-BU-08NEW,"iLIVING i3 Foldable Scooter Blue 17"" Seat (08 New Seat)",0,0,0,0,0,0
I3-BU-S16-DEMO,"i3 Blue with 16-inch Seat, Demo unit",1,0,1,1,0,0
i3-BU-S16-OB,"iLIVING i3 Foldable Scooter, 16"" Seat, Blue (Open Box)",2,0,2,2,0,0
I3-BU-S17,"iLiving i3 Foldable Electric Scooter Mobility with Upgraded Seat, 17 Inch, Blue",266,0,252,252,0,0
I3-BU-S17-DEMO,"I3 scooter, Blue with 17"" seat , Demo unit",1,0,1,1,0,0
I3-BU-S18,"i3 Foldable Scooter with 18"" Deluxe Seat, Blue",0,0,0,0,0,0
i3-BU-S18-DEMO,18 inches Blue i3 demo,0,0,0,0,0,0
I3-CAR-INVERTER,Car Inverter for i3 and V8 scooters,33,0,33,33,0,0
I3-IGNITION-LOCK,i3 Ignition Lock,8,0,8,8,0,0
i3-KEYS,i3 Keys,37,0,37,37,0,0
I3-PLUG-COVER,i3 Plug Cover,0,0,0,0,0,0
i3-Port-Charger,Portable Charger for i3 scooter,76,0,76,76,0,0
i3-Power-Lift,Power Lift for i3 scooter,70,0,70,70,0,0
i3-Power-Lift-Demo,Power Lift Demo,2,0,2,2,0,0
I3-POWER-LIFT-RAMP,Ramp for i3 scooter Power Lift  (1 Pair),26,0,26,26,0,0
I3-R,"iLIVING i3 Foldable Scooter, 16"" Seat, Burgundy",0,0,0,0,0,0
I3-R-08NEW,"iLIVING i3 Foldable Scooter Burgundy 17"" Seat (08 New Seat)",0,0,0,0,0,0
I3-R-S16-DEMO,"i3 Burgundy with 16-inch Seat, Demo unit",2,0,2,2,0,0
i3-R-S16-OB,"iLIVING i3 Foldable Scooter, 16"" Seat, Burgundy (Open Box)",3,0,3,3,0,0
I3-R-S17,"iLiving i3 Foldable Electric Scooter Mobility with Upgraded Seat, 17 Inch, Burgundy",173,0,173,173,0,0
I3-R-S17-DEMO,I3 burgundy 17 inches demo,1,0,1,1,0,0
i3-R-S17-OB,"iLiving i3 Foldable Electric Scooter Mobility with Upgraded Seat, 17 Inch, Burgundy (Open Box)",0,0,0,0,0,0
I3-R-S18,"i3 Foldable Scooter with 18"" Deluxe Seat, Burgundy",0,0,0,0,0,0
I3-STD-SEAT,"Standard Seat 16"" for i3 scooter",19,0,19,19,0,0
i3-Travel-Case,"Travel Case, for 16-inch i3 scooter",238,0,238,238,0,0
i3-Travel-Deluxe,"Travel Case (Deluxe) , for 17"" or 18""  i3 scooter",0,0,0,0,0,0
i3-V8-TRAVEL,i3 / V8 Travel Bag,23,0,23,23,0,0
i3-V8-TRAVEL-DEMO,travel demo,2,0,2,2,0,0
I3-WALL-CHARGER,iLiving i3 AC Wall Charger,21,0,21,21,0,0
ILG-002T,ILG-002T Thermostat Control Box,"2,802",0,"2,802","2,802",0,0
ILG-005CBN,"3/8"" Misting Coupling with Brass Nozzle","6,500",0,"6,500","6,500",0,0
ILG-006EP,"3/8"" Mist End Plug","1,175",0,"1,175","1,175",0,0
ILG-007FHC,"3/8"" Mist Female Hose Connector","1,525",0,"1,525","1,525",0,0
ILG-008TH,"3/8"" Mist Tubing 150 Meter",51,0,51,51,0,0
ILG-250,"iLIVING ILG-250 Misting Kit, 200 PSI, Silver",108,0,108,108,0,0
ILG-325,ILG-325 Premium Power Lift / Recliner Chair,1,0,1,1,0,0
ILG-335,iLiving ILG-335 Portable Power Wheelchair,0,0,0,0,0,0
ILG-511,"Social Distancing Floor Decals, 10"" Round, YELLOW",0,0,0,0,0,0
ILG-54-Solar-C,54 inches solar ceiling fan,0,0,0,0,0,0
ILG-54-Solar-P,54 inches panel solar fan,0,0,0,0,0,0
ILG-54-Solar-S,54 inches solar fan with Shutter,0,0,0,0,0,0
ILG-6001,"12"" Smart Portable and Foldable Powered Wheelchair",0,0,0,0,0,0
ILG-608,"ILG-608 Rotating Shower Chair, Plastic Seat and Backrest, Padded Armrests",427,0,427,427,0,0
ILG-611,iLiving Mobility Steerable Deluxe Knee Walker/Scooter with Basket,85,0,85,85,0,0
ILG-618,iLIVING Aluminum Shower Chair,0,0,0,0,517,0
ILG-622,iLiving Foldable Rollator Walker,655,0,655,655,0,0
ILG-628,iLiving ILG-628 Bathtub Rotating Shower Seat,425,0,425,425,0,0
ILG-638,iLiving ILG-638 Swivel Pivoting Shower Chair,523,0,523,523,0,0
ILG-668,iLIVING ILG-668 Transfer Bench Shower Chair,734,0,728,728,0,0
ILG-670,KD Walker with Wheels,"1,521",0,"1,521","1,521",0,0
ILG-678,"iLIVING Commode Chair, White Aluminum",0,0,0,0,80,0
ILG-688,"iLIVING Folding Exerciser Paddler with Electronic Display, Blue","2,891",0,"2,891","2,891",0,0
ILG-698,Portable Folding Travel Walker with Wheels and Fold-up Legs,"4,717",0,"4,717","4,717",0,0
ILG-698B,"iLiving Portable Folding Travel Walker with Wheels and Fold-up Legs, Blue",0,0,0,0,"1,785",0
ILG-698R,"iLiving Portable Folding Travel Walker with Wheels and Fold-up Legs, Burgundy",0,0,0,0,"1,785",0
ILG-800B,"iLiving ILG-800B Rollator walker with Seat, 6"" wheel , Blue",812,0,812,812,0,0
ILG-800R,"iLiving ILG-800R Rollator walker with Seat, 6"" wheel , Burgundy",689,0,689,689,0,0
ILG-807,"ILG-807 - Commercial Fiberglass Fire-Resistant Trash Can, Beige",97,0,97,97,250,0
ILG-807G,"ILG-807G Commercial Fiberglass Fire-Resistant Trash Can, 1.75 Gal, Gray",4,0,4,4,0,0
ILG-811,"iLiving ILG-811 Face Shield, Clear Anti-Fog, with adjustable headband",0,0,0,0,0,0
ILG-814,"ILG-814 - Commercial Fiberglass Trash Can 14 Quart / 3.5 Gallons , Beige",0,0,0,0,0,0
ILG-814G,"ILG-814G Commercial Fiberglass Fire-Resistant Trash Can, 3.5 Gal, Gray",0,0,0,0,0,0
ILG-828,"ILG-828 Commercial Fiberglass Fire-Resistant Trash Can, 7 Gal, Beige",253,0,210,210,0,0
ILG-828G,"ILG-828G Commercial Fiberglass Fire-Resistant Trash Can, 7 Gal, Gray",3,0,3,3,0,0
ILG-840,"ILG-840 Commercial Fiberglass Fire-Resistant Trash Can, 10 Gal,, Beige",391,0,391,391,0,0
ILG-840G,"ILG-840G Commercial Fiberglass Fire-Resistant Trash Can, 10 Gal, Gray",0,0,0,0,0,0
ILG-900,ILG-900 Folding Upright Bike,33,0,33,33,2,0
ILG-902,iLiving 3D massage,0,0,0,0,0,0
ILG-911,3-Ply disposable Earloop Face Masks - For general use only,"2,220",0,"2,220","2,220",0,0
ILG-9158,iLiving MK-9158 MultiFunction 3D Foot Massager Brown,35,0,35,35,0,0
ILG-916,"Iliving Neck and Shoulder Massager with Heated Therapy, Beige",685,0,685,685,0,0
ILG-917,Foot Massager,179,0,179,179,0,0
ILG-918,"iLIVING ILG-918 Infrared Heater, Walnut",0,0,0,0,0,0
ILG-918W,"iLIVING ILG-918W Infrared Heater, Dark Walnut",0,0,0,0,0,0
ILG-923,iLiving Rechargeable 3D Shoulder Massager with Heat Therapy,147,0,147,147,0,0
ILG-927,iLiving ILG-927 foot massager with heat therapy,47,0,47,47,0,0
ILG-928,"ILG-928 Multi-Functional Foot Massager with Heat, Shiatsu & Air Compression, Black",56,0,56,56,0,0
ILG-929,"iLIVING ILG-929  Shiatsu Portable Back/Neck Massager with Heat Therapy, Soothing Black",319,0,319,319,0,0
ILG-930,Massage Gun - Black,695,0,695,695,0,0
ILG-960,Message bed,22,0,22,22,0,0
ILG-BattSOLAX,Solax Scooter battery,0,0,0,0,0,0
ILG-CB989,iLiving ILG-CB989 Cargo Bike with Dual Batteries - Orange,50,0,50,50,0,0
ILG-CB989-BAG,Pannier Bag for ILG-CB989 Cargo Bike,100,0,100,100,0,0
ILG-FG-24-SB,Blower Fan Guard 24,80,0,80,80,0,0
ILG-i3-FCP,Canopy For i3 Scooter,283,0,283,283,0,0
ILG-LED-PS12V24W,"iLIVING LDR series centralized control power supply, 12V24W",0,0,0,0,0,0
ILG-LED-PS12V60W,"iLIVING LDR series centralized control power supply, 12V60W",0,0,0,0,0,0
ILG-LED-PS24V60W,"iLIVING LDR series centralized control power supply, 24V260W",0,0,0,0,0,0
ILG-LED-PS24V96W,"iLIVING LDR series centralized control power supply, 24V96W",0,0,0,0,0,0
ILG-Massage-Shoes,iLIVING Natural Stone Massage Shoes,81,0,81,81,0,0
ILG-MS37,ILG Massage Shoes - SMALL (S),231,0,231,231,0,0
ILG-MS39,ILG Massage Shoes - MEDIUM (M),0,0,0,0,0,0
ILG-MS41,ILG Massage Shoes - LARGE (L),143,0,143,143,0,0
ILG-MS43,ILG Massage Shoes - EXTRA LARGE (XL),576,0,576,576,0,0
ILG-PL,iLIVING Power Lifts,0,0,0,0,0,0
ILG-PW-355,Power WheelChair,0,0,0,0,0,0
ILG001TH,ILG001TH iLIVING Thermostat and Humidistat Control,"1,423",0,"1,423","1,423",0,0
ILG255-CHAR,AC/DC wall charger for ILG-255 and ILG-355,5,0,5,5,0,0
ILG8-18FF,"iLIVING 18"" Outdoor Water Resistant Metal Workstation Wall Fan",0,0,0,0,500,0
ILG8-20FF,"iLIVING 20"" Outdoor Water Resistant Metal Workstation Wall Fan",0,0,0,0,500,0
ILG860,Medicine Bed,19,0,19,19,0,0
ILG8AF8000,"Air Filtration System, with Remote Control, Gray",251,0,250,250,0,0
ILG8C702BLK,"iLiving Adjustable Fore Crutches, 1 Pair ( Black )",62,0,62,62,0,0
ILG8C702SLV,"iLiving Adjustable Fore Crutches, 1 Pair ( Silver )",147,0,147,147,0,0
ILG8CF-100A,iLiving ILG8CF-100A Pool & Spa Filter Replacement,76,0,76,76,200,0
ILG8CF-105,iLiving ILG8CF-105 Pool & Spa Filter Replacement,0,0,0,0,0,0
ILG8CF-120A,iLiving ILG8CF-120A Pool & Spa Filter Replacement,93,0,93,93,300,0
ILG8CF-150A,iLiving ILG8CF-150A Pool & Spa Filter Replacement,20,0,20,20,0,0
ILG8CF-175A,iLiving ILG8CF-175A Pool & Spa Filter Replacement,0,0,0,0,660,0
ILG8CF-50-IN,iLiving ILG8CF-50-IN Pool & Spa Filter Replacement,5,0,5,5,0,0
ILG8CF-CH-940,iLiving ILG8CF-CH-940 Pool & Spa Filter Replacement,63,0,63,63,0,0
ILG8CF-PAP200,iLiving ILG8CF-PAP200 Pool & Spa Filter Replacement,17,0,17,17,200,0
ILG8CF-PRB35,iLiving ILG8CF-PRB35 Pool & Spa Filter Replacement,16,0,16,16,0,0
ILG8CF150A,iLiving ILG8CF150A Pool & Spa Filter Replacement,254,0,254,254,900,0
ILG8CF16HVLS,16 INCH HVLS BLDC FAN,0,0,0,0,0,0
ILG8CF52B,"iLiving 52â€� DC Ceiling Fan with Remote, 6 Speeds, Black",52,0,52,52,0,0
ILG8CF52W,"iLiving 52â€� DC Ceiling Fan with Remote, 6 Speeds, White",24,0,24,24,0,0
ILG8CF56B,"iLiving 56â€� DC Ceiling Fan with Remote, 6 Speeds, Black",11,0,11,11,0,0
ILG8CF56W,"iLiving 56â€� DC Ceiling Fan with Remote, 6 Speeds, White",55,0,55,55,0,0
ILG8CF60WD,"iLiving 60"" Ceiling Fan with Wooden Blades",0,0,0,0,0,0
ILG8CF60WD-LED,"iLiving 60"" Ceiling Fan with Wooded Blades and LED, Walnut","1,814",0,"1,813","1,813",0,0
ILG8CFDR24SLV,"24"" Down Rod, Silver",92,49,43,92,0,0
ILG8CFDR36SLV,"36"" Down Rod, Silver",120,99,21,120,0,0
ILG8CFLEDKIT,LED Light Kits,0,0,0,0,0,0
ILG8E14-15,"iLIVING 14 Inch Wall Mount Outdoor Misting Fan, Black","1,561",106,"1,455","1,561","3,000",0
ILG8E18-15,"iLIVING 18 Inch Wall Mount Outdoor Misting Fan, Black","3,254",991,"2,263","3,250","10,300",4
ILG8E18-15W,"iLIVING 18 Inch Wall Mount Outdoor Misting Fan, White",0,0,0,0,0,0
ILG8E18-DC,"iLiving 18"" Gazabo Fan with Remote - Outdoor (Black)",0,0,0,0,0,0
ILG8E20,"iLIVING 20"" Outdoor Water Resistant Metal Workstation Wall Fan",0,0,0,0,"2,000",0
ILG8E20-15,"iLiving ILG8E20-15, 20 Inch Wall Mount Outdoor Fan","2,067",0,"2,066","2,066",0,0
ILG8EF10EX,iLIVING 10 Inches Explosion Proof Ventilation Fan,145,0,144,144,0,0
ILG8EF12EX,iLIVING 12 Inches Explosion Proof Ventilation Fan,204,0,204,204,50,0
ILG8EF16EX,iLIVING 16 Inches Explosion Proof Ventilation Fan,238,0,237,237,48,0
ILG8EF20EX,iLIVING 20 Inches Explosion Proof Ventilation Fan,133,0,133,133,120,0
ILG8EOSC18,18 Inch Wall Mount Outdoor Oscillation Fan,"1,970","1,308",662,"1,970","6,110",0
ILG8EOSC18-DC,"iLiving 18"" Gazebo Fan Internal OSC with Remote - Outdoor (Black)",0,0,0,0,0,0
ILG8EOSC20,20 Inch Wall Mount Outdoor Oscillation Fan,"2,529",898,"1,631","2,529","3,456",0
ILG8F12,"ILG8F12 Industrial Grade 3-Speed High Velocity Floor Fan , 12-Inch",0,0,0,0,0,0
ILG8F20,iLiving 20 Inch Multi-Purpose High Velocity Floor Fan or Wall Fan,96,348,0,96,"20,080",0
ILG8F21,"iLiving ILG8F21 Super Turbo High Velocity Floor Fan, Silver",570,0,569,569,500,0
ILG8F21B,"iLiving ILG8F21B Super Turbo High Velocity Floor Fan, Black",0,0,0,0,0,0
ILG8FE10S,10 inches mirror finished skillet,1,0,1,1,0,0
ILG8FE12DIY,"iLiving 12"" mirror finished Deep skillet , Un-seasoned",6,0,6,6,540,0
ILG8FE12DS,"12"" Seasoned Mirro Polished Cast Iron Skillet, Golden","2,419",0,"2,419","2,419",816,0
ILG8FE12S,12 inches mirror finished skillet,123,0,123,123,0,0
ILG8FV110,ILG8FV110 Bathroom Ventilation Exhaust DC Fan,46,0,46,46,0,0
ILG8FV111,ILG8FV111 Bathroom Ventilation Exhaust DC Fan with 10W LED,0,0,0,0,0,0
ILG8FV112,Iliving ILG8FV112 Bathroom Ventilation Exhaust DC Fan with Motion Sensor,0,0,0,0,0,0
ILG8G14-12T,Automatic Gable Mount Attic Ventilator Fan with Adjustable Thermostat,"1,956",99,"1,856","1,954","3,002",1
ILG8G14-22ST,"14"" Variable Speed Glabel Exhaust Fan with Thermospeed Controller",896,0,896,896,0,0
ILG8G616BLK,iLiving Trigger-release walking cane ( Black ),263,0,263,263,0,0
ILG8G616BLU,iLiving Trigger-release walking cane ( Blue ),225,0,225,225,0,0
ILG8G616RED,iLiving Trigger-release walking cane ( Red),256,0,256,256,0,0
ILG8GP001HC,Greenhouse Mist Kit,0,0,0,0,0,0
ILG8GP002HC,Electric Mist Timer,43,0,43,43,0,0
ILG8GP003HC,Calcium Filter,"1,045",0,"1,045","1,045",0,0
ILG8GP004HC,Hose Y Connector,0,0,0,0,0,0
ILG8GW100,iLiving 100FT (30m) Expandable Garden Hose,860,0,860,860,0,0
ILG8GW50,iLiving 50FT (15m) Expandable Garden Hose,793,0,793,793,0,0
ILG8GW75,iLiving 75FT (22.5m) Expandable Garden Hose,935,0,935,935,0,0
ILG8HVLS102,"iLIVING 102"" HVLS Big Ceiling Fan with IR Remote, High Volume Low Speed Fan, Reversible, Black",50,0,50,50,0,0
ILG8HVLS108,"108"" DC Ceiling Fan, 9 Blades, 120V, 6 Speed, Reversible, High 16505 CFM, White",632,0,631,631,0,0
ILG8HVLS120,"iLIVING 120"" HVLS Big Ceiling Fan with IR Remote, High Volume Low Speed Fan, Reversible, Black",33,0,33,33,200,0
ILG8HVLS72,"72"" DC Ceiling Fan, 9 Blades, 120V, 6 Speed, Reversible, High 9900 CFM, White",125,0,125,125,0,0
ILG8HVLS78,"iLIVING 78"" HVLS Big Ceiling Fan with IR Remote, High Volume Low Speed Fan, Reversible, Black",45,0,45,45,0,0
ILG8HVLS84-S,"iLIVING 84"" HVLS Big Ceiling Fan with IR Remote, High Volume Low Speed Fan, Reversible",10,0,10,10,0,0
ILG8HVLS88,"88"" DC Ceiling Fan, 9 Blades, 120V, 6 Speed, Reversible, High 11839 CFM, White",50,0,49,49,0,0
ILG8HVLS96,"96"" DC Ceiling Fan, 9 Blades, 120V, 6 Speed, Reversible, High 12312 CFM, White",231,0,226,226,0,0
ILG8HVLS96B,"iLIVING 96"" HVLS DC Ceiling Fan, 9 Blades, 120V, 6 Speed, Reversible, High 12312 CFM, Black",0,0,0,0,100,0
ILG8IN18X,"iLiving 18"" Oscillating Wall Mounted Fan, 3-Speed","2,084",0,"2,083","2,083",0,0
ILG8M20-50DC,"iLiving 20"" Tilted DC High Velocity Floor Drum Fan",391,0,383,383,55,0
ILG8M24-60DC,"iLiving 24"" Tilted DC High Velocity Floor Drum Fan",484,0,484,484,0,0
ILG8M24-70EC,"iLIVING ILG8M24-70EC, 24"" BLDC Air Circulation High Velocity Floor Fan, 115V, 265W, Grey",112,0,112,111,0,1
ILG8M30-75DC,"iLiving 30"" Floor Drum Fan with DC Brushless Motor",99,0,99,99,0,0
ILG8M36-90DC,"iLiving 36"" Floor Drum Fan with DC Brushless Motor",271,0,271,271,328,0
ILG8MF24-77,iLIVING 24-inch High Velocity Floor Drum Fan,909,135,774,909,"4,496",0
ILG8MF30-83,iLIVING ILG8MF30-83 Heavy Duty Drum Fan,370,0,370,370,310,0
ILG8MF42,"iLIVING 42"" Direct Drive Drum Fan",0,0,0,0,200,0
ILG8MF48,"iLIVING 48"" Direct Drive Drum Fan",0,0,0,0,200,0
ILG8MF72-430,iLIVING 72-Inch BLDC Mobile Fan,8,0,4,4,27,0
ILG8MOSC24,"iLiving 24"" 3-Speed Orbital Internal Oscillating Floor Fan",596,0,596,596,0,0
ILG8P30-72,"iLIVING ILG8P30-72 Commercial Pedestal Floor Fan, 30""","1,553",0,"1,553","1,551",620,2
ILG8P30M,30-Inch Pedestal Outdoor Oscillating Fan with Misting,215,0,215,215,0,0
ILG8P31-93,30-Inch Oscillating Pedestal Fan,697,0,697,697,"1,062",0
ILG8PP130-VS,"iLiving Swimming Pool Pump, 1.3HP",198,0,198,198,0,0
ILG8PP220-VS,"iLiving Swimming Pool Pump, 2.2HP",152,0,152,152,0,0
ILG8PP390-VS,"iLiving Swimming Pool Pump, 3.9HP",188,0,188,188,0,0
ILG8RX12,"iLIVING 12"" Rechargeable portable Industrial shroud Fan",800,0,800,800,0,0
ILG8RX18,"iLiving 18"" Rechargeable Portable Industrial Outdoor Fan","2,082",0,"2,082","2,082",0,0
ILG8SF10S-CR,"iLiving 10"" Single Speed Corrosion Resistance Shutter Exhaust Fan",250,0,249,249,0,0
ILG8SF10V,"iLIVING 10 Inch Variable Speed Shutter Exhaust Fan, Wall-Mounted",401,0,401,384,0,17
ILG8SF10V-ST,"10"" Shutter Exhaust Fan with Thermospeed(TM) controller","1,843",892,951,"1,843","2,408",0
ILG8SF10V-T,10 Inch Variable Speed Shutter Exhaust Fan,719,0,719,719,0,0
ILG8SF10VC,10 Inch Smart Remote Shutter Exhaust Fan,126,0,126,126,1,0
ILG8SF12-AUTO,Auto Shutter  (sample),0,0,0,0,0,0
ILG8SF12S-CR,"iLiving 12"" Single Speed Corrosion Resistance Shutter Exhaust Fan",185,0,184,184,300,0
ILG8SF12V,"iLIVING 12 Inch Variable Speed Shutter Exhaust Fan, Wall-Mounted",13,0,13,10,1,3
ILG8SF12V-DC,"iLiving 12"" Wall Mount Shutter Exhaust Fan, with Control Box, DC Motor","2,170",0,"2,170","2,170",141,0
ILG8SF12V-ST,"12"" Shutter Exhaust Fan with Thermospeed(TM) Controller",837,"2,697",0,477,"24,552",0
ILG8SF12V-T,12 inch Shutter Exhaust Attic Garage Grow Fan,"1,268",0,"1,268","1,268",0,0
ILG8SF12VC,12 Inch Smart Remote Shutter Exhaust Fan,181,0,181,181,1,0
ILG8SF14V-DC,"iLiving 14"" Wall Mount Shutter Exhaust Fan, with Control Box, DC Motor",880,40,840,880,"1,204",0
ILG8SF14V-T,14 inch Shutter Exhaust Attic Garage Grow Fan,213,0,213,213,400,0
ILG8SF14V-T-FBA,14 inches wall mounted shutter fan,0,0,0,0,0,0
ILG8SF16S-CR,"iLiving 16"" Single Speed Corrosion Resistance Shutter Exhaust Fan",278,0,277,277,0,0
ILG8SF16V,"iLIVING 16 Inch Variable Speed Shutter Exhaust Fan, Wall-Mounted","1,912",0,"1,912","1,911",1,1
ILG8SF16V-DC,"iLiving 16"" Wall Mount Shutter Exhaust Fan, with Control Box, DC Motor","1,482",0,"1,481","1,481",100,0
ILG8SF16V-ST,"16"" Shutter Exhaust Fan with Thermospeed controller",910,0,910,910,"2,500",0
ILG8SF16V-T,16 inch Shutter Exhaust Attic Garage Grow Fan,90,0,90,90,480,0
ILG8SF16VC,16 Inch Smart Remote Shutter Exhaust Fan,115,0,115,115,0,0
ILG8SF18S,"iLIVING 18 Inch Single Speed Shutter Exhaust Fan, Wall-Mounted",269,0,269,269,501,0
ILG8SF18S-CR,"iLiving 18"" Single Speed Corrosion Resistance Shutter Exhaust Fan",94,0,93,93,0,0
ILG8SF18V,18 Inch Variable Speed Shutter Exhaust Fan Wall-Mounted,721,0,721,720,0,1
ILG8SF18V-ST,"18"" Shutter Exhaust Fan with Thermospeed controller","1,708",385,"1,323","1,708","3,600",0
ILG8SF18V-T,18 inch Shutter Exhaust Attic Garage Grow Fan,277,0,277,277,0,0
ILG8SF18VC,18 Inch Smart Remote Shutter Exhaust Fan,50,0,50,50,0,0
ILG8SF20S-CR,"iLiving 20"" Single Speed Corrosion Resistance Shutter Exhaust Fan",95,0,94,94,0,0
ILG8SF20V,"iLIVING 20 Inch Variable Speed Shutter Exhaust Fan, Wall-Mounted",75,0,75,75,0,0
ILG8SF20V-ST,"20"" Shutter Exhaust Fan with Thermospeed controller","1,496",546,950,"1,496","3,841",0
ILG8SF20V-T,20 inch Shutter Exhaust Attic Garage Grow Fan,157,0,155,155,0,0
ILG8SF20VC,20 Inch Smart Remote Shutter Exhaust Fan,21,0,21,21,0,0
ILG8SF24S-CR,"iLiving 24"" Single Speed Corrosion Resistance Shutter Exhaust Fan",93,0,92,92,0,0
ILG8SF24V,"iLIVING 24 Inch Variable Speed Shutter Exhaust Fan, Wall-Mounted",604,"1,154",0,604,"1,502",0
ILG8SF24V-T,24 inch Shutter Exhaust Attic Garage Grow Fan,705,0,705,705,0,0
ILG8SF24VC,24 Inch Smart Remote Shutter Exhaust Fan,14,0,14,14,0,0
ILG8SF301,"iLiving 14"" Smart Solar Attic Exhaust Fan, 15-Year Warranty, 40W, Cools up to 2900 sq ft, Black",667,0,665,665,"2,580",0
ILG8SF301A,"iLIVING ILG8SF301A Solar Attic Exhaust Fan, Black",119,0,119,117,516,0
ILG8SF302,"iLiving Smart Solar Attic Exhaust Fan, 14"", Square, 15-Year Warranty, Cools up to 2000 sq ft, Black",0,0,0,0,0,0
ILG8SF303,ILG8SF303 Smart Solar Attic Exhaust Fan,0,0,0,0,0,0
ILG8SF304,ILG8SF304 DUAL POWER AC/DC ADAPTER KIT FOR SOLAR FAN,124,0,124,124,0,0
ILG8SF305,POWER CORD WITH SWITCH FOR SOLAR FAN,123,0,123,123,0,0
ILG8SF306,AC/DC Adapter for Solar Attic Fan ILG8SF301,74,0,74,74,0,0
ILG8SF30S,"iLIVING 30 Inch Single Speed Shutter Exhaust Fan, Wall-Mounted",305,0,305,305,"1,002",0
ILG8SF30V-T,30 inch Shutter Exhaust Attic Garage Grow Fan,202,0,202,202,400,0
ILG8SF36S,"iLIVING 36 Inch Single Speed Shutter Exhaust Fan, Wall-Mounted",189,217,0,164,"2,285",1
ILG8SF7V,"iLIVING 7 Inch Variable Speed Shutter Exhaust Fan, Wall-Mounted",386,0,386,386,0,0
ILG8SFRC,ILG8SFRC iLiving exhaust fan remote control kit,"1,370",0,"1,370","1,370","1,000",0
ILG8SFSC,iLIVING ILG8SFSC Variable Speed Controll for Shutter Exhaust Fan,"1,606",0,"1,606","1,606",0,0
ILG8SFST,Thermospeed Controller for variable speed fans,"2,190",0,"2,190","2,190","1,000",0
ILG8T001BLK,iLiving Flex and go folding cane ( Black ),167,0,167,167,0,0
ILG8T001BLU,iLiving Flex and go folding cane ( Blue ),258,0,258,258,0,0
ILG8T001PIK,iLiving Flex and go folding cane ( Pink ),256,0,256,256,0,0
ILG8T001RED,iLiving Flex and go folding cane ( Red ),263,0,263,263,0,0
ILG8T001SLV,iLiving Flex and go folding cane ( Silver ),280,0,280,280,0,0
ILG8TF12-DC,"iLiving 12"" Turbo fan",719,0,719,719,0,0
ILG8TF16-DC,"iLiving 16"" Turbo fan","1,147",0,"1,147","1,147",0,0
ILG8TF18-DC,"iLiving 18"" Turbo fan",786,0,786,786,0,0
ILG8VF10,"iLiving Utility Blower Exhaust Warehouse Ventilator Fan, 10 inch",251,0,250,250,50,0
ILG8VF12,"iLiving Utility Blower Exhaust Warehouse Ventilator Fan, 12 inch",326,0,321,321,300,0
ILG8VF12-5,"iLiving 12"" Flexible Duct Hose",212,0,212,212,0,0
ILG8VF12W,"iLiving Utility Blower Exhaust Warehouse Ventilator Fan, 12 inch, White",193,0,193,193,500,0
ILG8VF16,"iLiving Utility Blower Exhaust Warehouse Ventilator Fan, 16 inch",83,0,83,83,50,0
ILG8VF20,"iLiving Utility Blower Exhaust Warehouse Ventilator Fan, 20 inch",183,0,183,183,0,0
ILG8VF24,"iLiving Utility Blower Exhaust Warehouse Ventilator Fan, 24 inch",122,0,122,122,0,0
ILG8VFOSC24,"iLiving Oscillating Utility Blower Exhaust Warehouse Ventilator Fan, 24 inch",0,0,0,0,0,0
ILG8VFOSC36,"iLiving Oscillating Utility Blower Exhaust Warehouse Ventilator Fan, 36 inch",1,0,1,1,0,0
ILG8W24-51EC,"iLIVING ILG8W24-51EC BLDC Wall/Ceiling Mount Fan, 24"", Black",0,0,0,0,0,0
ILG8WD24-1W,"iLiving 24"" Washdown Wall Mount Fan, 7200 CFM, Single Phase",89,0,89,89,80,0
ILG8WD24-2P,"iLiving 24"" Washdown Pedestal Fan, 7200 CFM, Single Phase",115,0,115,115,0,0
ILG8WD30-1W,"iLiving 30"" Washdown Wall Mount Fan, 9600 CFM, Single Phase",70,0,70,70,120,0
ILG8WD30-2P,"iLiving 30"" Washdown Pedestal Fan, 9600 CFM, Single Phase",125,0,125,125,0,0
ILG912-Black,iLIVING (ILG912-Black) Organic Buckwheat Pillow with Authentic Japanese Pillow C,0,0,0,0,0,0
ILG912-Green,iLIVING (ILG912-Green) Organic Buckwheat Pillow with Authentic Japanese Pillow C,0,0,0,0,0,0
IP-20V,iPower 20V Sample,2,0,2,2,0,0
IP-24V,iPower 24V Sample,1,0,1,1,0,0
KP-320,Massage Chair,0,0,0,0,0,0
L01-2835-168-5000-840-5000K-24V,"LED tape light, DC 24V 12W/M, 5000K, 10M/Roll (Use for LED soler-free linear light series 31134, 31138, 31056)",8,0,8,8,0,0
L01-2835-168-5000-840-NW,"LED Tape Light , 4000K , 5000 x 8 mm",0,0,0,0,0,0
L01-2835-168-5000-840-WW,"LED Tape Light , 3000K , 5000 x 8 mm",15,0,15,15,0,0
L01-2835-840-DC24V,"3000K, 24V DC, 10.2-12W/M, 5-Meter, 1 Reel",0,0,0,0,0,0
L01-2835-840-DC24V/5000x8MM,"4000K, 24V DC, 10.2-12W/M, 5-Meter, 1 Reel",0,0,0,0,0,0
L5-2835-168-5000-840-NW-7W/M-24V,"LED Strip Light for LED Drawer Light, 24V DC, 7W/M, NW4000K, 1 Reel",8,0,8,8,20,0
L6.8-2025-150-10000-1500-5000K-12W/M-24V,LED undercabinet light,37,0,37,37,8,0
L6.8-2025-150-10000-1500-NW-12W/M-24V,"LED tape light, DC 24V 12W/M, 4000K, 10M/Roll (Use for LED soler-free linear light series 31134, 31138, 31056)",15,0,15,15,15,0
L6.8-2025-150-10000-1500-WW-12W/M-24,"LED undercabinet light , L6.8-2025-150-10000-1500-WW-12W/M-24",0,0,0,0,15,0
LD-12V60WUS-WT,"LED Power Supply, US-standard LED constant-voltage",0,0,0,0,0,0
LDR-12V60W,"Centralized Control Power Supply, 100-240V,  12V DC, 5A, 60W",0,0,0,0,0,0
LDR-24V96W-WT,"Centralized Control Power Supply, 100-240V,  24V DC, 4A, 96W",110,0,110,110,100,0
LDV-CN-WT,LED Wired Sensor Convert Adapter,0,0,0,0,0,0
LDV-UE12V60W-WT,"LED Power Supply, DC 12V 5A 60W",0,0,0,0,0,0
LDV-WR-U-WT,LED Wireless Receiving Module,5,0,5,5,0,0
Louver Post,for our Shutter Fan,7,0,7,7,0,0
LP-7100S,Massage Chair,1,0,1,1,0,0
MK-8088,Massage Chair MK-8088,1,0,1,1,0,0
MK-9107,Massage Chair MK-9107,0,0,0,0,0,0
MK-9132,Massage Chair MK-9132,0,0,0,0,0,0
MK-9159,Massage Chair,44,0,44,44,0,0
MK-9160,Fujisan MK-9160 Massage Sofa,0,0,0,0,0,0
MK-9162,"Fujisan 2D Massage Chair with Zero Gravity, Dark Coffee",0,0,0,0,0,0
MK-9168,Massage Chair MK-9168,0,0,0,0,0,0
MK-9169,Massage Chair MK-9169,0,0,0,0,0,0
MK-9178B,MK-9178B Ultimate 3D Shiatsu/Zero Gravity Massager Chair,0,0,0,0,0,0
MK-9187,Fujisan MK-9187 3D Massage Chair,0,0,0,0,0,0
MK-9189,Massage Chair MK-9189,0,0,0,0,0,0
MK-9191,Massage Chair MK-9191,0,0,0,0,0,0
MK-9199,"Fujisan Premium 4D Massage Chair, with Armrest and Footrest, Grey",0,0,0,0,0,0
MK-9200,Massage Chair MK-9200,5,0,5,5,0,0
MK-9300,"Massage Chair MK-9300 , Black",1,0,1,1,0,0
MK-9388,Massage Chair MK-9388,4,0,4,4,0,0
MK-9389,Massage Chair,0,0,0,0,0,0
MK-9688,Fujisan 3D massage chair,12,0,12,12,0,0
MK-SHOPPINGBAG-RED,Premium Shopping Bag,"16,865",0,"16,865","16,865",0,0
MK1-MK9199 Plus,"Multi-Function Foot Massager / Leg Knee Ankle Massager with Heat Therapy, Grey",2,0,2,0,0,2
MY-101,DRLO7 - My sous-vide cooker,0,0,0,0,0,0
NFC10BLKHD,"10 Feet (120 inches) HVLS Ceiling Fan  - IFD , Black",5,0,4,4,0,0
NFC10SLVHD,"10 Feet (120 inches) HVLS Ceiling Fan  - IFD , Silver",0,199,0,0,0,0
NFC8BLKHD,"8 Feet (96 inches) HVLS Ceiling Fan  - IFD , Black",33,0,33,33,0,0
NFC8SLVHD,"8 Feet (96 inches) HVLS Ceiling Fan  - IFD , Silver",24,100,0,24,0,0
ORB-18,"National Fan Co. 18"" Wall Mounted Outdoor Fan - For IFC Only",383,0,383,383,0,0
Part-Thermostats-DR988,Part-Thermostats-DR988,7,0,7,7,0,0
PE4500-60,"Crown PE 4500, Used Condition",2,0,2,2,0,0
Pick up order,Pick up,0,0,0,0,0,0
Power-Cable,Power cable,0,0,0,0,0,0
RC3020-40,"Crown Forklift (Used Condition) , Model RC3020-40",0,0,0,0,0,0
RC5535-30,"Crown Forklift (Used Condition) , Model RC5540-40",8,0,8,8,0,0
RC5540-40,"Crown Forklift (Used Condition) , Model RC5540-40",5,0,5,5,0,0
RC5540-40TT208,"Crown Forklift (Used Condition) , Model RC5540-40TT208",6,0,6,6,0,0
RC5545-40,Crown Forklift (Used Condition),2,0,2,2,0,0
RENEWED-WH-DR-966,DR-966 Renewed units,0,0,0,0,0,0
RR5725-45,"Crown Forklift (Used Condition) , Model RR5725-45",1,0,1,1,0,0
RT 4020-45,Crown Forklift Model Number RT 4020-45,0,0,0,0,0,0
RTN-SH-LABEL,Return Shipping Label,562,0,562,562,0,0
RTN-UPS-HTRFAN,Return Shipping Label - For Heater & Fan,472,0,472,472,0,0
RTN-UPS-MOBILITY,Return Shipping Label - For Scooter & Wheelchair,935,0,935,935,0,0
RTN-UPS-OVS,Return Shipping Label - For Oversized Item,992,0,992,992,0,0
S-Power,"Maztang S-Power Abdominal Exerciser, Black",2,0,2,2,0,0
Service,Serviced Unit,101,0,101,101,0,0
ShutterSeal,Shutter Seal for our Shutter Fans,7,0,7,7,0,0
SOLAX-BU,"Solax Mobie Scooter, Blue",0,0,0,0,0,0
SOLAX-BU-OB,"Solax Mobie Scooter, Blue (Open Box)",0,0,0,0,0,0
SOLAX-BU-ORG-OB,"Solax Mobie Scooter, Blue (Open Box) (Older Model)",2,0,2,2,0,0
SOLAX-R,"Solax Mobie Scooter, Red",0,0,0,0,0,0
SOLAX-TRVLCASE,Travel Case for SOLAX Mobie scooter,2,0,2,2,0,0
SOLAX-W,"Solax Mobie Scooter, White",0,0,0,0,0,0
SP-1100HP-CB,Circuit Board for Pool Heat Pump DR-1100HP,0,0,0,0,0,0
SP-1100HP-CNTLR,Controller for Pool Heat Pump DR-1100HP,0,0,0,0,0,0
SP-1100HP-INVERT,Inverter Board for Pool Heat Pump DR-1100HP,0,0,0,0,0,0
SP-11024-CONT,DR-PS11024 Contactor,0,0,0,0,0,0
SP-11524-CONT,DR-PS11524 Contactor,30,0,30,30,0,0
SP-11524-MOTOR,Motor replacement for DR-PS11524,0,0,0,0,0,0
SP-1400HP-CNTLR,Controller for Pool Heat Pump DR-1400HP,1,0,1,1,0,0
SP-16HVLS-BLADE,"BLADE FOR 16"" HVLS BLDC FAN",0,0,0,0,0,0
SP-16HVLS-MOTOR,"MOTOR FOR 16"" HVLS BLDC FAN",0,0,0,0,0,0
SP-218-HT-E,Heating Element for DR-218-1500W,0,0,0,0,0,0
SP-218-TH-CNTRL,"THERMOSTAT CONTROL FOR DR-218-1500W, DR-218-3000W, DR-PS11024 , DR-PS11524, DR-910M",46,0,46,46,0,0
SP-238-CB,Control Board for DR-238,338,0,338,338,0,0
SP-238-MOUNT24,Mounting Brackets for DR-238  (2024 Version),365,0,365,365,0,0
SP-239-CB,Control Board for DR-239,7,0,7,7,0,0
SP-24-60DC-WHL-A,"Wheel (male) for ILG8M24-60DC, Wheel A",0,0,0,0,0,0
SP-24-60DC-WHL-B,"Wheel (female) for ILG8M24-60DC, Wheel B",0,0,0,0,0,0
SP-24-70-LEG,Leg for ILG8M24-70EC,0,0,0,0,0,0
SP-255-BACKREST-KNOB,ILG-255 Backrest Adjustment Knob,0,0,0,0,0,0
SP-255-BACKWHEEL-L,Left-side Back Wheel with Motor for ILG-255,5,0,5,5,0,0
SP-255-BACKWHEEL-R,Right-side Back Wheel with Motor for ILG-255,5,0,5,5,0,0
SP-255-BATTERY,Battery for ILG-255,0,0,0,0,0,0
SP-255-CHARGER,Charger for Power Wheelchair ILG-255,3,0,3,3,0,0
SP-255-FNTWHEEL,Front Wheel for ILG-255,1,0,1,1,0,0
SP-255-MOUNTBRKT,Mounting Bracket for ILG-255,2,0,2,2,0,0
SP-268-PROBE,Temperature (Thermal) Probe for DR-268,0,0,0,0,0,0
SP-298-BASE,Baseplate for DR-298,1,0,1,1,0,0
SP-298-BOTTOMCVR,Bottom Cover of the Base for DR-298,0,0,0,0,0,0
SP-298-KNOB,Knob to secure the Base of DR-298,9,0,9,9,0,0
SP-301-PANELPLATE,"Panel Plate for ILG8SF301, ILG8SF301A",0,0,0,0,0,0
SP-301-SOLARPANEL,"Solar Panel Replacement for ILG8SF301, ILG8SF301A",0,0,0,0,0,0
SP-338-CB,Control Board for DR-338,29,0,29,29,0,0
SP-338-SOCKET-BRACKET,Brackets for Socket on Tripod for DR-338,0,0,0,0,0,0
SP-368-BRACKET,DR-368 Protection bracket,0,0,0,0,0,0
SP-368-BRKT-U,U-shaped Bracket for DR-368,40,0,40,40,0,0
SP-368-CONVERT,DR-368 CONVERSION PACKAGE,0,0,0,0,0,0
SP-368-HEATER,DR-368 HEATER,0,0,0,0,0,0
SP-368-PLASTICOV,"Plastic Covers for DR-368 , 1 full set",27,0,27,27,0,0
SP-368-TRIPOD-HW,Tripod-Mounted Installation Hardware for DR-368,86,0,86,86,0,0
SP-891-BPB,"DR-968, ILG-918  Back Power Board  (Pre-2024 Version)",473,0,473,473,0,0
SP-891-BPB-V24,DR-968  Back Power Board (2024 Version),0,0,0,0,0,0
SP-891-FCB,"DR-968, ILG-918  Front Controller Board  (Pre-2024 Version)",332,0,332,332,0,0
SP-891-FCB-V24,DR-968  Front Control Board (2024 Version),49,0,49,49,0,0
SP-893-BPB,DR-998 Back Power Board,125,0,125,125,0,0
SP-893-FCB,DR-998 Front Controller Board,79,0,79,79,0,0
SP-896-BPB,DR-999 Back Power Board,0,0,0,0,0,0
SP-896-FCB,DR-999 Front Controller Board,46,0,46,46,0,0
SP-910-CONTACTOR,Contactor for DR-910F,34,0,34,34,0,0
SP-910-TOPCVR,TOP COVER FOR DR-910F,0,0,0,0,0,0
SP-968-OUTLET,Outlet Frame of DR-968,0,0,0,0,0,0
SP-968H-OUTLET,Outlet Frame of DR-968H,0,0,0,0,0,0
SP-975-CONTACTOR,Contactor for DR-975 (35A),1,0,1,1,0,0
SP-978-FLTRMESH,Fliter Mesh for DR-978,16,0,16,16,0,0
SP-978-FNTCOVER,Front Cover of  DR-978,0,0,0,0,0,0
SP-978-LEG,Legs for DR-978,30,0,30,30,0,0
SP-978-OUTLET,Outlet Frame of DR-978,7,0,7,7,0,0
SP-978-PTC,PTC Heating Element for DR-978,1,0,1,1,0,0
SP-991-TANK,Water Tank replacement for DR-991,0,0,0,0,0,0
SP-998-OSC,DR-998 Oscillation Motor,80,0,80,80,0,0
SP-AIRFLT,"Back filter for DR-968, DR-968H, DR-998, DR-999, ILG-918",159,0,159,159,0,0
SP-ARMPAD-255A,Arm pad cushion for ILG-255A,3,0,3,3,0,0
SP-ARMREST,Armrests for i3 and V8 scooter,130,0,130,130,0,0
SP-BASE-20-15,The Base Stand of ILG8E20-15,0,0,0,0,0,0
SP-BCK-GRI-OSC20,Rear Grille for ILG8EOSC20,0,0,0,0,0,0
SP-BGSKT-WOODEN,"Background sticker for wooden heater - 968, 968H, 998",7,0,7,7,0,0
SP-BLADE-10V,"Blade Replacement For 10 Inches Shutter Fan ILG8SF10V, ILG8SF10VC, ILG8SF10V-T",18,0,18,18,0,0
SP-BLADE-12V,"Blade Replacement For 12 Inches Shutter Fan ILG8SF12V, ILG8SF12VC, ILG8SF12V-T",8,0,8,8,0,0
SP-BLADE-14-12,Blade Replacement For ILG8G14-12T,0,0,0,0,0,0
SP-BLADE-14-15,Blade Replacement For ILG8E14-15,3,0,3,3,0,0
SP-BLADE-14VT,Blade Replacement For 14 Inches Shutter Fan ILG8SF14V-T,0,0,0,0,0,0
SP-BLADE-16V,"Blade Replacement For 16 Inches Shutter Fan ILG8SF16V, ILG8SF16VC, ILG8SF16V-T",8,0,8,8,0,0
SP-BLADE-18-15,Blade Replacement For ILG8E18-15,4,0,4,4,0,0
SP-BLADE-18S,"Blade Replacement For 18"" Shutter Fan : ILG8SF18S",10,0,10,10,0,0
SP-BLADE-18V,"Blade Replacement For 18 Inches Shutter Fans : ILG8SF18V, ILG8SF18VC",0,0,0,0,0,0
SP-BLADE-20-15,Blade Replacement For ILG8E20-15,2,0,2,2,0,0
SP-BLADE-20V,"Blade Replacement For 20 Inches Shutter Fan ILG8SF20V, ILG8SF20VC, ILG8SF20V-T",11,0,11,11,0,0
SP-BLADE-24V,"Blade Replacement For 24 Inches Shutter Fan ILG8SF24V, ILG8SF24VC, ILG8SF24V-T",1,0,1,1,0,0
SP-BLADE-30-72,Fan Blade Replacement For ILG8P30-72,0,0,0,0,0,0
SP-BLADE-30-83,Fan Blade Replacement For ILG8MF30-83,1,0,1,1,0,0
SP-BLADE-30M,Blade Replacement For ILG8P30M,0,0,0,0,0,0
SP-BLADE-30VT_S,"Blade Replacement For 30 Inches Shutter Fan ILG8SF30S, ILG8SF30V-T",16,0,16,16,0,0
SP-BLADE-31-93,Fan Blade Replacement For ILG8P31-93,0,0,0,0,0,0
SP-BLADE-36S,Blade Replacement For 36 Inches Shutter Fan ILG8SF36S,6,0,6,6,0,0
SP-BLADE-910,"DR-910F, DR-910M  Fan Blade",3,0,3,3,0,0
SP-BLADE-975,DR-975 Fan Blade,20,0,20,20,0,0
SP-BLADE-988,DR-988 Fan Blade,2,0,2,2,0,0
SP-BLADE-F20,Blade Replacement For ILG8F20,3,0,3,3,0,0
SP-BLADE-F21,Blade Replacement For ILG8F21,0,0,0,0,0,0
SP-BLADE-OSC18,Fan Blade for ILG8EOSC18,0,0,0,0,0,0
SP-BLADE-OSC20,Fan Blade for ILG8EOSC20,0,0,0,0,0,0
SP-BLADEHOLD-52B,Blade Holder for ILG8CF52B,0,0,0,0,0,0
SP-BLKWIRE-910-975,"Internal Black Wire for heating coil on DR-975 and DR-910 , 10 AWG",0,0,0,0,0,0
SP-BPB-908W,DR-908W  Back Power Board,0,0,0,0,0,0
SP-BPB-910,"DR-910F, DR-910M Back Power Board  (Old Version)",68,0,68,68,0,0
SP-BPB-910-V21,"DR-910F, DR-910M Back Power Board  (New Version)",20,0,20,20,0,0
SP-BPB-968H,Back power board for DR-968H,116,0,116,116,0,0
SP-BPB-975,DR-975  Back Power Board  (Old Version),98,0,98,98,0,0
SP-BPB-975-V21,DR-975  Back Power Board  (V21 Version),43,0,43,43,0,0
SP-BPB-975-V22,DR-975  Back Power Board  (V22 Version),21,0,21,21,0,0
SP-BPB-978,DR-978  Back Power Board,89,0,89,89,0,0
SP-BPB-i3,Back Circuit Board  for i3 scooter,20,0,20,20,0,0
SP-Bracket,DR-238 patio heater bracket,0,0,0,0,0,0
SP-BRACKET-18-15,Mounting U-Bracket for ILG8E18-15,0,0,0,0,0,0
SP-BRKT-301,"Angle Adjustment Bracket for ILG8SF301, ILG8SF301A",25,0,25,25,0,0
SP-BRKT-OSC18,Wall Mounting Bracket with Bolt & Nut for ILG8EOSC18,0,0,0,0,0,0
SP-BRKTBASE-OSC18,Bracket base with Knob for ILG8EOSC18,0,0,0,0,0,0
SP-BUSSBAR-975-910,Bussbars for DR-975 and 910,3,0,3,3,0,0
SP-C702-BASE,"Standing-Base for Crutches  ILG8C702BLK , ILG8C702SLV",0,0,0,0,0,0
SP-CART-16EX,"Cart replacement for ILG8EF16EX , including 4 wheels and 3 side-knob",0,0,0,0,0,0
SP-CAST,"Caster wheel for DR-968, DR-968H, DR-998, DR-999, ILG-918",345,0,345,345,0,0
SP-CB-1400HP,Control Board for DR-1400HP,0,0,0,0,0,0
SP-CB-24-70,Circuit Board for ILG8M24-70EC,20,0,20,20,0,0
SP-CB-650HP,Control Board for DR-650HP,0,0,0,0,0,0
SP-CB-900HP,Control Board for DR-900HP,0,0,0,0,0,0
SP-CB-MK8088,Circuit Board for Massage Chair MK-8088,0,0,0,0,0,0
SP-CB-MK9132,Circuit Board for Massage Chair MK-9132,0,0,0,0,0,0
SP-CB-MK9179,Circuit Board for Massage Chair MK-9179,0,0,0,0,0,0
SP-CB-MK9189,Circuit Board for Massage Chair MK-9189,0,0,0,0,0,0
SP-CB-MK9200,Circuit Board for Massage Chair MK-9200,0,0,0,0,0,0
SP-CB-MK9300,Circuit Board for Massage Chair MK-9300,0,0,0,0,0,0
SP-CB-MK9688,Circuit Board for Massage Chair MK-9688,0,0,0,0,0,0
SP-CB989-BASKET,Basket for ILG-CB989 Cargo Bike,0,0,0,0,0,0
SP-CB989-BASKETACCS,Basket Accessories for ILG-CB989 Cargo Bike,0,0,0,0,0,0
SP-CB989-BATTCONVT,Battery Converter for ILG-CB989 Cargo Bike,0,0,0,0,0,0
SP-CB989-CHARGER,Charger for ILG-CB989 Cargo Bike,0,0,0,0,0,0
SP-CB989-CLAMPACCS,Seat Post Clamp Accessories for ILG-CB989 Cargo Bike,0,0,0,0,0,0
SP-CB989-DERAILLEUR,Derailleur for ILG-CB989 Cargo Bike,0,0,0,0,0,0
SP-CB989-DISPLAY,Display for ILG-CB989 Cargo Bike,0,0,0,0,0,0
SP-CB989-FENDER,Fender for ILG-CB989 Cargo Bike,0,0,0,0,0,0
SP-CB989-FNTBREAK,Front Break for ILG-CB989 Cargo Bike,0,0,0,0,0,0
SP-CB989-FNTFORK,Front Fork for ILG-CB989 Cargo Bike,0,0,0,0,0,0
SP-CB989-FNTLIGHT,Front Light for ILG-CB989 Cargo Bike,0,0,0,0,0,0
SP-CB989-FNTWHEEL,Front Wheel for ILG-CB989 Cargo Bike,0,0,0,0,0,0
SP-CB989-FOOTSTAND,Foot Stand (Pedal Accessories) for ILG-CB989 Cargo Bike,0,0,0,0,0,0
SP-CB989-FORKACCS,Fork Accessories for ILG-CB989 Cargo Bike,0,0,0,0,0,0
SP-CB989-FTSTDFRAME,Foot Stand Frame (Pedal Part) for ILG-CB989 Cargo Bike,0,0,0,0,0,0
SP-CB989-HANGER,Hanger for ILG-CB989 Cargo Bike,0,0,0,0,0,0
SP-CB989-KICKSTAND,Kickstand for ILG-CB989 Cargo Bike,0,0,0,0,0,0
SP-CB989-PEDAL-L,Pedal (Left side) for ILG-CB989 Cargo Bike,0,0,0,0,0,0
SP-CB989-PEDAL-R,Pedal (Right side) for ILG-CB989 Cargo Bike,0,0,0,0,0,0
SP-CB989-PROT-NETTY,Protector Netty for ILG-CB989 Cargo Bike,0,0,0,0,0,0
SP-CB989-REARBREAK,Rear Break for ILG-CB989 Cargo Bike,0,0,0,0,0,0
SP-CB989-REARCARR,Rear Carrier (with 4 frame cotton) for ILG-CB989 Cargo Bike,0,0,0,0,0,0
SP-CB989-REARLIGHT,Rear Light for ILG-CB989 Cargo Bike,0,0,0,0,0,0
SP-CB989-REARLIGHTWIRE,Rear Light Wire for ILG-CB989 Cargo Bike,0,0,0,0,0,0
SP-CB989-REARWHEEL,Rear Wheel for ILG-CB989 Cargo Bike,0,0,0,0,0,0
SP-CB989-SADDLE,Saddle (Seat) for ILG-CB989 Cargo Bike,0,0,0,0,0,0
SP-CB989-SEATCLAMP,Seat Post Clamp for ILG-CB989 Cargo Bike,0,0,0,0,0,0
SP-CB989-SEATPOST,Seat Post for ILG-CB989 Cargo Bike,0,0,0,0,0,0
SP-CB989-SHIFTER,Shifter for ILG-CB989 Cargo Bike,0,0,0,0,0,0
SP-CB989-SWITCH,Switch for ILG-CB989 Cargo Bike,0,0,0,0,0,0
SP-CB989-THROTTLE,Throttle for ILG-CB989 Cargo Bike,0,0,0,0,0,0
SP-CB989-THROTTLEWIRE,Throttle Wire for ILG-CB989 Cargo Bike,0,0,0,0,0,0
SP-CB989-TIRE,Tire for ILG-CB989 Cargo Bike,0,0,0,0,0,0
SP-CB989-TIRETUBE,Tire Tube for ILG-CB989 Cargo Bike,0,0,0,0,0,0
SP-CB989-TURN-L,Left Turn Light for ILG-CB989 Cargo Bike,0,0,0,0,0,0
SP-CB989-TURN-R,Right Turn Light for ILG-CB989 Cargo Bike,0,0,0,0,0,0
SP-CB989-WIRE,Wire (Waterproof) for ILG-CB989 Cargo Bike,0,0,0,0,0,0
SP-CFMotor-B,"Motor for ILG8CF52 and 56, Black",0,0,0,0,0,0
SP-CHAIN-ILG8E,"Chain-Only (Universal) for ILG8E14-15 , ILG18E-15, ILG8E20-15",0,0,0,0,0,0
SP-CHARGER-RX,"Charger (Adapter) for ILG8RX12 , ILG8RX18",33,0,33,33,0,0
SP-CHGFUSE-I3-V8,Charging Port Fuse for Scooter i3 & V8,55,0,55,55,0,0
SP-CNTRL-30-75DC,Controller replacement for ILG8M30-75DC,0,0,0,0,0,0
SP-CNTRL-36-90DC,Controller replacement for ILG8M36-90DC,0,0,0,0,0,0
SP-CNTRLBOX-14-12T,Control Box for  ILG8G14-12T,0,0,0,0,0,0
SP-CNTRLBOX-SFRC,Control Box Replacement for ILG8SFRC,30,0,30,30,0,0
SP-CNTRLBOX-VDC,"Control Box replacement for ILG8SF12V-DC, ILG8SF14V-DC, ILG8SF16V-DC",19,0,19,19,0,0
SP-COUPLING-30-72,#2 - Coupling for ILG8P-30-72,0,0,0,0,0,0
SP-CTRL-255,ILG-255A Joystick Controller  (Old Version),0,0,0,0,0,0
SP-CTRL-255A,ILG-255A Joystick Controller  (New Version),0,0,0,0,0,0
SP-DOWNROD-12,"12 Inches long Downrod for ILG8HVLS78, ILG8HVLS102, ILG8HVLS120",0,0,0,0,0,0
SP-DRPS-FILTER,"1 set of 2 pcs, Filter for Salamander Heater  DR-PS11024, DR-PS11524",133,0,133,133,0,0
SP-DRPS-WHEEL,"Wheel for Salamander Heater  DR-PS11024, DR-PS11524",0,0,0,0,0,0
SP-ELEMENT-PTC,PTC heating element for all Wooden space heater,0,0,0,0,0,0
SP-EXFAN-WHEEL,Straight direction Wheel for Explosion Proof Fan series,0,0,0,0,0,0
SP-EXFAN-WHEEL360,360 degren Wheel for Explosion Proof Fan series,0,0,0,0,0,0
SP-FAN-MO-910,"DR-910F, DR-910M Fan Motor",0,0,0,0,0,0
SP-FAN-MO-975,DR-975 Fan Motor,4,0,4,4,0,0
SP-FAN-MO-988,DR-988  Fan Motor  (Version 1),4,0,4,4,0,0
SP-FANCNTRL-218,Fan Control for DR-218-1500W,86,0,86,86,0,0
SP-FANCNTRL-218-3K,Fan Control for DR-218-3000W,98,0,98,98,0,0
SP-FANCNTRLR-72-430,Fan Controller for Mobile Fan  ILG8MF72-430,2,0,2,2,0,0
SP-FANMOTOR-900HP,Fan Motor for DR-900HP,0,0,0,0,0,0
SP-FANSELECT-218,Fan and heat selection switch for DR-218-1500W,13,0,13,13,0,0
SP-FCB-368,Front Control Board for DR-368,151,0,151,151,0,0
SP-FCB-908W,DR-908W  Front Control Board,3,0,3,3,0,0
SP-FCB-910,"DR-910, DR-910M Front Controller Board  (Old Version)",75,0,75,75,0,0
SP-FCB-910-V21,"DR-910, DR-910M Front Controller Board  (New Version)",15,0,15,15,0,0
SP-FCB-968H,Front control board DR-968H,107,0,107,107,0,0
SP-FCB-975,DR-975  Front Controller Board  (Old Version),81,0,81,81,0,0
SP-FCB-975-V21,DR-975  Front Controller Board  (V21 Version),35,0,35,35,0,0
SP-FCB-975-V22,DR-975  Front Controller Board  (V22 Version),13,0,13,13,0,0
SP-FCB-978,DR-978  Front Control Board,123,0,123,123,0,0
SP-FCB-i3,Front (Dash) Circuit Board for i3 scooter,10,0,10,10,0,0
SP-FLTPLATE-1100HP,Power Filter Plate for DR-1100HP,0,0,0,0,0,0
SP-FLTPLATE-1400HP,Power Filter Plate for DR-1400HP,0,0,0,0,0,0
SP-FLTPLATE-900HP,Power Filter Plate for DR-900HP,0,0,0,0,0,0
SP-FNT-GRI-OSC20,Front Grille for ILG8EOSC20,0,0,0,0,0,0
SP-FRAME-DR122X4,Replacement Frame for Bedbug Heater DR-122X4,0,0,0,0,0,0
SP-FRSKT-918,Front Sticker for ILG-918,129,0,129,129,0,0
SP-FRSKT-968,Front Sticker for DR-968,891,0,891,891,0,0
SP-FRSKT-968H,Front Sticker for DR-968H,926,0,926,926,0,0
SP-FRSKT-998,Front Sticker for DR-998,348,0,348,348,0,0
SP-FUSE-910F,Overheat Protection Fuse For DR-910F,33,0,33,33,0,0
SP-GRILLE-16EX-BCK,"Rear Grille (Fan Guard) for ILG8EF16EX , Intake",0,0,0,0,0,0
SP-GRILLE-16EX-FNT,"Front Grille (Fan Guard) for ILG8EF16EX , Outtake",0,0,0,0,0,0
SP-GRILLE-18-15-BCK,Rear Grille (Fan Guard)  for ILG8E18-15,18,0,18,18,0,0
SP-GRILLE-18-15-FNT,Front Grille (Fan Guard)  for ILG8E18-15,5,0,5,5,0,0
SP-GRILLE-20-15-BCK,Rear Grille (Fan Guard)  for ILG8E20-15,0,0,0,0,0,0
SP-GRILLE-20-15-FNT,Front Grille (Fan Guard)  for ILG8E20-15,0,0,0,0,0,0
SP-GRILLE-F20-BCK,Rear Grille (Fan Guard)  for ILG8F20,0,0,0,0,0,0
SP-GRILLE-F20-FNT,Front Grille (Fan Guard)  for ILG8F20,0,0,0,0,0,0
SP-GRILLE-F21-BCK,Rear Grille (Fan Guard)  for ILG8F21,0,0,0,0,0,0
SP-GRILLE-F21-FNT,Front Grille (Fan Guard)  for ILG8F21,0,0,0,0,0,0
SP-HDL-72-430,"Handle for Mobile Fan ILG8MF72-430 , A set of 4 pcs",0,0,0,0,0,0
SP-HEATER-122,"Heater for DR-122, DR122X4",198,0,198,198,0,0
SP-HEATERHANDLE-U,"Heater Handle of DR-966, DR-975, U-Shape",0,0,0,0,0,0
SP-HT-COIL-910,"DR-910F, DR910M Heating coil",20,0,20,20,0,0
SP-HT-COIL-966,DR-966 Heating Coil,0,0,0,0,0,0
SP-HT-COIL-975,DR-975 Heating Coil,0,0,0,0,0,0
SP-HT-COIL-988,DR-988 Heating Element,13,0,13,13,0,0
SP-HUM,"Dr-968H, DR-998 Humidifier",105,0,105,105,0,0
SP-HUM-BOTTLE,Water bottle for humidifier,136,0,136,136,0,0
SP-HUM-BTCON,Humidifier bottle connector,112,0,112,112,0,0
SP-HUM-PCB,Humidifier PCB,17,0,17,17,0,0
SP-HUM-SENSOR,Humidity Sensor for iLiving Bathroom Exhaust Fans,14,0,14,14,0,0
SP-HUMTRANS,"Humidifier Transformer Replacement, for DR-968H, DR-998, DR-998W",12,0,12,12,0,0
SP-HVLS-H13,"Remote Control for HVLS Ceiling Fans : ILG8HVLS72, ILG8HVLS88, ILG8HVLS96, ILG8HVLS108",0,0,0,0,0,0
SP-HVLS-RMT-78,"Remote Control for HVLS Ceiling Fans : ILG8HVLS78, ILG8HVLS102, ILG8HVLS120",150,0,150,150,0,0
SP-HVLS072-8,Fan Blade for ILG8HVLS72,0,0,0,0,0,0
SP-HVLS088-8,Fan Blade for ILG8HVLS88,0,0,0,0,0,0
SP-HVLS096-6,"Motor for ILG8HVLS72, ILG8HVLS88, ILG8HVLS96",0,0,0,0,0,0
SP-HVLS096-8,Fan Blade for ILG8HVLS96,0,0,0,0,0,0
SP-HVLS102-BLADE,Fan Blade for ILG8HVLS102  (Black),0,0,0,0,0,0
SP-HVLS102-MOTOR,Motor for ILG8HVLS102  (Black),0,0,0,0,0,0
SP-HVLS108-6,Motor for ILG8HVLS108,0,0,0,0,0,0
SP-HVLS108-7,Fan Blade Holder for ILG8HVLS108,0,0,0,0,0,0
SP-HVLS108-8,Fan Blade for ILG8HVLS108,0,0,0,0,0,0
SP-HVLS120-BLADE,Fan Blade for ILG8HVLS120  (Black),0,0,0,0,0,0
SP-HVLS120-MOTOR,Motor for ILG8HVLS120  (Black),0,0,0,0,0,0
SP-HVLS78-BLADE,Fan Blade for ILG8HVLS78  (Black),0,0,0,0,0,0
SP-HVLS78-MOTOR,Motor for ILG8HVLS78  (Black),0,0,0,0,0,0
SP-I3-AXLE,Axle for i3 scooter  (for front wheel),0,0,0,0,0,0
SP-I3-BATT-SW,Battery Switch (back) for i3 scooter,73,0,73,73,0,0
SP-I3-BATTDASH,Battery Dashboard for i3 Scooter,150,0,150,150,0,0
SP-I3-BCK-WHEEL,Back Wheel for i3 scooter,22,0,22,22,0,0
SP-I3-BREAKLIGHT,Break Light for i3 scooter,59,0,59,59,0,0
SP-I3-BU-BCK-BUMP,Back Bumper for i3 Scooter (Blue),39,0,39,39,0,0
SP-I3-BU-BCK-STEPBD,Back Step Board for i3 scooter (Blue),26,0,26,26,0,0
SP-I3-BU-DASH-BTM,"Bottom Cover of Dashboard of i3 Scooter, Blue",20,0,20,20,0,0
SP-I3-BU-DASH-TOP,"Top Cover of Dashboard of i3 Scooter, Blue",0,0,0,0,0,0
SP-I3-BU-DASHCVR,"Full set of Covers of Dashboard of i3 Scooter, Blue",0,0,0,0,0,0
SP-I3-BU-FNT-BUMP,Front Bumper for i3 Scooter (Blue),20,0,20,20,0,0
SP-I3-BU-FNT-STEPBD,Front Step Board for i3 scooter (Blue),39,0,39,39,0,0
SP-I3-CBFUSE,Circuit Board Fuse for i3 Scooter,19,0,19,19,0,0
SP-I3-CHRG-PORT,Charging Port (back) for i3 scooter,95,0,95,95,0,0
SP-I3-CNTRLKNOB,Speed Controller Knob for i3 or V8 Scooter,61,0,61,61,0,0
SP-I3-COMPRT-COVER,Storage Compartment Cover for i3 scooter,0,0,0,0,0,0
SP-I3-FLOORBD-PULL,Floorboard Pull Handle for i3 scooter,4,0,4,4,0,0
SP-I3-FNT-FRAME,Main Front Frame for i3 scooter,10,0,10,10,0,0
SP-I3-FNT-WHEEL,Front Wheel for i3 scooter,31,0,31,31,0,0
SP-I3-FOLD-RELEASE,Release handle for i3 foldable,9,0,9,9,0,0
SP-I3-HANDLE-PAD,Handle Pad for i3 & V8 scooters,59,0,59,59,0,0
SP-i3-HANGER,i3 STAINLESS STEEL HANGER,0,0,0,0,0,0
SP-I3-HORN,Horn Button for i3 scooter,45,0,45,45,0,0
SP-I3-LED-BACK,Back LED Light for i3 scooter,71,0,71,71,0,0
SP-I3-LED-FRONT,Front LED Light for i3 Scooter,83,0,83,83,0,0
SP-I3-LEVER,Release Lever for i3 scooter,31,0,31,31,0,0
SP-I3-MAINCABLE,i3 scooter Main Harness Cable,74,0,74,74,0,0
SP-i3-MAINCB,Main Control Board / Controller for i3 scooter,2,0,2,2,0,0
SP-I3-MOTOR,Motor for i3 scooter,1,0,1,1,0,0
SP-I3-MOTORBASE,Base holder for i3 motor,10,0,10,10,0,0
SP-I3-R-BCK-BUMP,Back Bumper for i3 Scooter (Burgundy),24,0,24,24,0,0
SP-I3-R-BCK-STEPBD,Back Step Board for i3 scooter (Burgundy),8,0,8,8,0,0
SP-I3-R-DASH-BTM,"Bottom Cover of Dashboard of i3 Scooter, Burgundy",9,0,9,9,0,0
SP-I3-R-DASH-TOP,"Top Cover of Dashboard of i3 Scooter, Burgundy",18,0,18,18,0,0
SP-I3-R-DASHCVR,"Full set of Covers of Dashboard of i3 Scooter, Burgundy",0,0,0,0,0,0
SP-I3-R-FNT-BUMP,Front Bumper for i3 Scooter (Burgundy),14,0,14,14,0,0
SP-I3-R-FNT-STEPBD,Front Step Board for i3 scooter (Burgundy),38,0,38,38,0,0
SP-I3-REFL-BACK,Reflector (Red) on Back Bumper for i3 scooter,47,0,47,47,0,0
SP-I3-REFL-FNT,Reflector (White) on Front Bumper for i3 scooter,48,0,48,48,0,0
SP-I3-SEAT-17,"17"" Seat Replacement for i3 scooter, V8 scooter",71,0,70,70,0,0
SP-i3-Seat-18,"Deluxe Seat 18"" for i3 scooter",32,0,32,32,0,0
SP-I3-SEAT-FRAME,Seat Frame for i3 scooter,6,0,6,6,0,0
SP-I3-SEATCAP,Seat Cap for i3 scooter,0,0,0,0,0,0
SP-i3-SEATCVR17,"Replacement Seat Cover for i3 scooter , 17""",0,0,0,0,0,0
SP-i3-SEATCVR18,"Replacement Seat Cover for i3 Scooter (Deluxe), 18""",18,0,18,18,0,0
SP-I3-SPACER,Plastic Spacer for i3 scooter,312,0,312,312,0,0
SP-I3-SPEEDPOT,Speed Potentiometer for i3 Scooter,48,0,48,48,0,0
SP-I3-TBAR,T-Bar replacement for i3 scooter,53,0,53,53,0,0
SP-I3-THROTTLE,Throttle for i3 scooter,197,0,197,197,0,0
SP-I3-TILLER-KNOB,"Tiller Angle Adjustment Knob , for i3 scooter",0,0,0,0,0,0
SP-I3-TILLER-LEV,"Tiller Height Adjustment Levers, for i3 scooter",1,0,1,1,0,0
SP-I3-TIP-PROTECT-L,"i3 Scooter Anti-Tip Protection, Left Side",52,0,52,52,0,0
SP-I3-TIP-PROTECT-R,"i3 Scooter Anti-Tip Protection, Right Side",0,0,0,0,0,0
SP-I3-TIP-WHEEL,Tip-Over Wheel for i3 scooter,53,0,53,53,0,0
SP-I3-TSHAFT,Tiller Shaft for i3 scooter,0,0,0,0,0,0
SP-I3-V8-IGNITION,Ignition Key Switch for i3 & V8 Scooters,154,0,154,154,0,0
SP-I3-WHEELCAP,Wheel Cap for i3 scooter,50,0,50,50,0,0
SP-ILG6001-Battery,Wheelchair Battery 6001,0,0,0,0,0,0
SP-INTUBE-30-72,#9 - Inner Tube for ILG8P30-72,0,0,0,0,0,0
SP-INV-1400HP,Inverter Board for DR-1400HP,0,0,0,0,0,0
SP-INV-900HP,Inverter Board for DR-900HP,0,0,0,0,0,0
SP-IR-238,"Heating Element for DR-238, DR-268, DR-298, DR-338, DR-368",97,0,97,97,0,0
SP-IR-239L,"Infrared Heating Element for DR-239 , Left-Side",28,0,28,28,0,0
SP-IR-239R,"Infrared Heating Element for DR-239 , Right-Side",3,0,3,3,0,0
SP-IR-E,"Infrared Heating Element for DR-968, DR-968H, DR-978, DR-998, DR-999, ILG-918",88,0,88,88,0,0
SP-JOYSTICKCOV-255,Joystick cover for ILG-255,0,0,0,0,0,0
SP-KNOB,"DR-988, DR-966 thermostat knob",0,0,0,0,0,0
SP-KNOB-218-I3,Control Knob For DR-218 or i3,0,0,0,0,0,0
SP-LCD-900HP,LCD for DR-900HP,0,0,0,0,0,0
SP-LIFT-CTRLCBL,Control Cable for Power Lift,44,0,44,44,0,0
SP-M968-BLUWIRE,Internal Blue Wire for DR-968 (MAS),50,0,50,50,0,0
SP-M968-BPB,Power Board for DR-968 (MAS),22,0,22,22,0,0
SP-M968-CAST,Caster Wheel for DR-968 (MAS),565,0,565,565,0,0
SP-M968-FCB,Front Control Board for DR-968 (MAS),4,0,4,4,0,0
SP-M968-IR-E,Infrared Element for DR-968 (MAS),"1,003",0,"1,003","1,003",0,0
SP-M968-MOTOR,Motor for DR-968 (MAS),21,0,21,21,0,0
SP-M968-PWR-SW,Power Switch for DR-968 (MAS),11,0,11,11,0,0
SP-M968-PWRC,Power Cord for DR-968 (MAS),40,0,40,40,0,0
SP-M968-TH-F,Thermal Fuse for DR-968 (MAS),213,0,213,213,0,0
SP-M968-WHTWIRE,Internal White Wire for DR-968 (MAS),27,0,27,27,0,0
SP-MAINBOARD-255,Mainboard for ILG-255,0,0,0,0,0,0
SP-MO-988-V20,DR-988  Fan Motor  (Version 2),53,0,53,53,0,0
SP-MOTOR-10V,"Motor Replacement For ILG8SF10V, ILG8SF10VC, ILG8SF10V-ST",29,0,29,29,0,0
SP-MOTOR-10V-T,Motor Replacement For ILG8SF10V-T only,0,0,0,0,0,0
SP-MOTOR-12V,"Motor Replacement For IL8SF12V, ILG8SF12VC, ILG8SF12V-ST",15,0,15,15,0,0
SP-MOTOR-12VT,Motor Replacement For  ILG8SF12V-T,1,0,1,1,0,0
SP-MOTOR-14-12T,Motor Replacement for ILG8G14-12T,0,0,0,0,0,0
SP-MOTOR-14-15,Replacement motor for ILG8E14-15,2,0,2,2,0,0
SP-MOTOR-14-22ST,"Motor Replacement for ILG8G14-22ST, ILG8G14-12T",0,0,0,0,0,0
SP-MOTOR-14VT,"Motor Replacement For  ILG8SF12V-T, ILG8SF14V-T",0,0,0,0,0,0
SP-MOTOR-16V,"Motor Replacement For ILG8SF16V, ILG8SF16VC",0,0,0,0,0,0
SP-MOTOR-16VST,Motor Replacement For ILG8SF16V-ST,0,0,0,0,0,0
SP-MOTOR-16VT,Motor Replacement for ILG8SF16V-T,0,0,0,0,0,0
SP-MOTOR-18-15,Replacement Motor for ILG8E18-15,0,0,0,0,0,0
SP-MOTOR-18S,Motor Replacement For ILG8SF18S,10,0,10,10,0,0
SP-MOTOR-18V,"Motor Replacement For ILG8SF18V, ILG8SF18VC, ILG8SF18V-ST",23,0,23,23,0,0
SP-MOTOR-18VT,Motor Replacement for ILG8SF18V-T,0,0,0,0,0,0
SP-MOTOR-20-15,Motor Replacement For ILG8E20-15,7,0,7,7,0,0
SP-MOTOR-20V,"Motor Replacement For ILG8SF20V, ILG8SF20VC",8,0,8,8,0,0
SP-MOTOR-20VST,Motor Replacement For ILG8SF20V-ST,13,0,13,13,0,0
SP-MOTOR-20VT,Motor Replacement for ILG8SF20V-T,0,0,0,0,0,0
SP-MOTOR-218-3000,Motor replacement for DR-218-3000W,0,0,0,0,0,0
SP-MOTOR-24-2P,Motor Replacement for ILG8WD24-2P,0,0,0,0,0,0
SP-MOTOR-24-60DC,Motor for ILG8M24-60DC,0,0,0,0,0,0
SP-MOTOR-24-70,Motor Replacement for ILG8M24-70EC,0,0,0,0,0,0
SP-MOTOR-24V,"Motor Replacement For ILG8SF24V, ILG8SF24VC",10,0,10,10,0,0
SP-MOTOR-24VT,Motor Replacement for ILG8SF24V-T,0,0,0,0,0,0
SP-MOTOR-30-2P,Motor Replacement for ILG8WD30-2P,4,0,4,4,0,0
SP-MOTOR-30-72,Motor replacement for ILG8P30-72,29,0,29,29,0,0
SP-MOTOR-30-75DC,Motor replacement for ILG8M30-75DC,0,0,0,0,0,0
SP-MOTOR-301,Motor Replacement for ILG8SF301,0,0,0,0,0,0
SP-MOTOR-30M,Motor Replacement for ILG8P30M,0,0,0,0,0,0
SP-MOTOR-30S,Motor Replacement For ILG8SF30S,0,0,0,0,0,0
SP-MOTOR-30VT,Motor Replacement For ILG8SF30V-T,0,0,0,0,0,0
SP-MOTOR-31-93,Motor Replacement For ILG8P31-93,0,0,0,0,0,0
SP-MOTOR-36-90DC,Motor replacement for ILG8M36-90DC,0,0,0,0,0,0
SP-MOTOR-36S,Motor Replacement For ILG8SF36S,1,0,1,1,0,0
SP-MOTOR-908W,Motor replacement for DR-908W,60,0,60,60,0,0
SP-MOTOR-966,DR-966 Motor,7,0,7,7,0,0
SP-MOTOR-978,Motor for DR-978,0,0,0,0,0,0
SP-MOTOR-F20,Motor for ILG8F20,0,0,0,0,0,0
SP-MOTOR-F21,Motor Replacement For ILG8F21,0,0,0,0,0,0
SP-MOTOR-OSC18,Motor for ILG8EOSC18,6,0,6,6,0,0
SP-MOTOR-OSC20,Motor for ILG8EOSC20,12,0,12,12,0,0
SP-MOTOR-VF20,Motor replacement For ILG8VF20,0,0,0,0,0,0
SP-MOTOR-VF24,Motor Replacement for ILG8VF24,0,0,0,0,0,0
SP-MOTR,"DR-968, DR-968H, DR-999, ILG-918 Blower Motor",66,0,66,66,0,0
SP-MOTR-2,DR-998 Blower Motor 2 speed,0,0,0,0,0,0
SP-MOUNT-238,"Mounting Brackets for DR-238 , DR-239",0,0,0,0,0,0
SP-MOUNT-268,Mounting Brackets for DR-268  (2025 Version),0,0,0,0,0,0
SP-MOUNT-298,Mounting Brackets for DR-298,6,0,6,6,0,0
SP-MOUNT-368,Mounting Brackets for DR-368,6,0,6,6,0,0
SP-MOUNT-G14,"Mounting Brackets for ILG8G14-22ST, ILG8G14-12T",49,0,49,49,0,0
SP-NFC10-Motor,Motor Replacement for NFC10BLKHD - For IFC Only,0,0,0,0,0,0
SP-NFC10-RMT,Remote Control Replacement for NFC10BLKHD - For IFC Only,0,0,0,0,0,0
SP-NUTS-N-BOLTS,Nuts and bolts for various unit.,0,0,0,0,0,0
SP-OTP-975,"DR-975 High Limit , overheating Switch",0,0,0,0,0,0
SP-OUTERTUBE-30-72,#5 - Outer tube for ILG8P30-72,14,0,14,14,0,0
SP-P3200-DELAYSW,Fan Delay Switch for DR-P3200,0,0,0,0,0,0
SP-P3200-MOTOR,Motor for DR-P3200,0,0,0,0,0,0
SP-P350-MOTOR,Motor for DR-P350,39,0,39,39,0,0
SP-POOL-1100-1400,"Accessories for Pool Heat Pump DR-1100HP, DR-1400HP",0,0,0,0,0,0
SP-POOL-650-900,"Accessories for Pool Heat Pump DR-650HP, DR-900HP",0,0,0,0,0,0
SP-PP130-WTRUN,Water Unions Set (2) forILG8PP130-VS,0,0,0,0,0,0
SP-PP220-WTRUN,Water Unions Set (2) for ILG8PP220-VS,0,0,0,0,0,0
SP-PULL-ILG8E,"Pull Chain (Universal) for ILG8E14-15 , ILG18E-15, ILG8E20-15",10,0,10,10,0,0
SP-PWR-SW,"Power Switch for DR-968, DR-968H, DR-998, DR-999, ILG-918",41,0,41,41,0,0
SP-PWRC,"Power cord for DR-968, DR-968H, DR-998, DR-999, ILG-918",489,0,489,489,0,0
SP-PWRC-12V-ST,Power Cord for ILG8SF12V-ST,0,0,0,0,0,0
SP-PWRC-18-15,Power Cord for ILG8E18-15,0,0,0,0,0,0
SP-RMT-238,"Remote Control for DR-238, DR-338",616,0,616,616,0,0
SP-RMT-239,Remote Control for DR-239,1,0,1,1,0,0
SP-RMT-368,Remote controls for DR-368,3,0,3,3,0,0
SP-RMT-60WDLED,Remote replacement for ILG8CF60WD-LED,0,0,0,0,0,0
SP-RMT-908W,DR-908W Remote Control,24,0,24,24,0,0
SP-RMT-910F,DR-910F Remote,0,0,0,0,0,0
SP-RMT-918B,ILG-918 Heater Remote (Black),2,0,2,2,0,0
SP-RMT-918G,ILG-918 Heater Remote (Gray),3,0,3,3,0,0
SP-RMT-968B,DR-968 Heater Remote (Black),0,0,0,0,0,0
SP-RMT-968G,DR-968 Heater Remote (Gray),248,0,248,248,0,0
SP-RMT-968HG,DR-968H Heater remote Gray,"1,395",0,"1,395","1,395",0,0
SP-RMT-975,DR-975 Remote,29,0,29,29,0,0
SP-RMT-978,DR-978 Remote,818,0,818,818,0,0
SP-RMT-991,Remote Control for DR-991,0,0,0,0,0,0
SP-RMT-998B,DR-998 Heater Remote Black,0,0,0,0,0,0
SP-RMT-998G,DR-998 Heater Remote Gray,12,0,12,12,0,0
SP-RMT-999,DR-999 Heater Remote,174,0,174,174,0,0
SP-RMT-CF52B,Remote Control for ILG8CF52B,0,0,0,0,0,0
SP-RMT-MK8088,Remote Control for Massage Chair MK-8088,0,0,0,0,0,0
SP-RMT-MK9107,Remote Control for Massage Chair MK-9107,0,0,0,0,0,0
SP-RMT-MK9132,Remote Control for Massage Chair MK-9132,0,0,0,0,0,0
SP-RMT-MK9162,Remote Control for Massage Chair MK-9162,0,0,0,0,0,0
SP-RMT-MK9169,Remote Control for Massage Chair MK-9169,0,0,0,0,0,0
SP-RMT-MK9178,Remote Control for Massage Chair MK-9178,0,0,0,0,0,0
SP-RMT-MK9178B,Remote Control for Massage Chair MK-9178B,0,0,0,0,0,0
SP-RMT-MK9179,Remote Control for Massage Chair MK-9179,0,0,0,0,0,0
SP-RMT-MK9189,Remote Control for Massage Chair MK-9189,0,0,0,0,0,0
SP-RMT-MK9200,Remote Control for Massage Chair MK-9200,0,0,0,0,0,0
SP-RMT-MK9300,Remote Control for Massage Chair MK-9300,0,0,0,0,0,0
SP-RMT-MK9388,"Remote Control for Massage Chair MK-9388, with Display",0,0,0,0,0,0
SP-RMT-MK9388-0,"Remote Control for Massage Chair MK-9388, without Display",0,0,0,0,0,0
SP-RMT-MK9688,Remote Control for Massage Chair MK-9688,0,0,0,0,0,0
SP-RMT-PATIO,"Remote Control (Universal) for DR-123, DR-238, DR-239, DR-268, DR-298, DR-338, DR-368",415,0,415,415,0,0
SP-RMT-RC,Remote Replacement for ILG8SFRC,65,0,22,22,0,0
SP-RMT-REC-CF52B,Remote Receiver for ILG8CF52B,0,0,0,0,0,0
SP-RMT-REC-CF56B,Remote Receiver for ILG8CF56B,0,0,0,0,0,0
SP-ROCKET-SW,"Rocket Switch for DR-910F, DR-966, DR-975, DR-PS11024, DR-PS11524, DR-PS31520",17,0,17,17,0,0
SP-SANDBAG,Sand Bags for Patio Heater Tripod  (3 bags),72,0,72,72,0,0
SP-SCREWS-14-18,"Screw to Frame for ILG8E14-15 , ILG8E18-15",20,0,20,20,0,0
SP-SCREWS-20-15,Screws for the Base of ILG8E20-15,0,0,0,0,0,0
SP-SHUTTER-10V,"Shutter Replacement For 10 Inches Shutter Fan ILG8SF10V, ILG8SF10VC, ILG8SF10V-T",1,0,1,1,0,0
SP-SHUTTER-12V,"Shutter Replacement For 12 Inches Shutter Fan ILG8SF12V, ILG8SF12VC, ILG8SF12V-T, ILG8SF12V-ST",12,0,12,12,0,0
SP-SHUTTER-14VT,Shutter Replacement For 14 Inches Shutter Fan ILG8SF14V-T,0,0,0,0,0,0
SP-SHUTTER-16V,"Shutter Replacement For 16 Inches Shutter Fan ILG8SF16V, ILG8SF16VC, ILG8SF16V-T",2,0,2,2,0,0
SP-SHUTTER-18V_S,"Shutter Replacement For 18 Inches Shutter Fan ILG8SF18S, ILG8SF18V, ILG8SF18VC, ILG8SF18V-T",1,0,1,1,0,0
SP-SHUTTER-20V,"Shutter Replacement For 20 Inches Shutter Fan ILG8SF20V, ILG8SF20VC, ILG8SF20V-T",0,0,0,0,0,0
SP-SHUTTER-24V,"Shutter Replacement For 24 Inches Shutter Fan ILG8SF24V, ILG8SF24VC, ILG8SF24V-T",0,0,0,0,0,0
SP-SHUTTER-30VT_S,"Shutter Replacement For 30 Inches Shutter Fan ILG8SF30S, ILG8SF30V-T",3,0,3,3,0,0
SP-SHUTTER-36S,Shutter Replacement For 36 Inches Shutter Fan ILG8SF36S,27,0,27,27,0,0
SP-SHUTTER-7V,Shutter Replacement For 7 Inches Shutter Fan ILG8SF7V,4,0,4,4,0,0
SP-SPACER-14-18,"Spacer to Frame for ILG8E14-15 , ILG8E18-15",0,0,0,0,0,0
SP-SPD-CNTL-24-70,Speed Adjust Control for ILG8M24-70EC,0,0,0,0,0,0
SP-SRVCOVER-20V,Service window cover for wiring compartment,2,0,2,2,0,0
SP-SW-30-72,Speed Switch For ILG8P30-72,0,0,0,0,0,0
SP-SWITCH-EX,"Switch for Explosion Proof Fans, ILG8EF10EX, ILG8EF12EX, ILG8EF16EX, ILG8EF20EX",0,0,0,0,0,0
SP-TENT-DR122,Replacement Tent for DR-122 only,7,0,7,7,0,0
SP-TENT-DR122X4,Replacement Tent for Bedbug Heater DR-122X4,0,0,0,0,0,0
SP-TERM-650HP,Terminal Block (board) for DR-650HP,0,0,0,0,0,0
SP-TH-F,"Thermal fuse for DR-968, DR-968H, DR-978, DR-998, DR-999, ILG-918, DR-218, DR-908W",405,0,405,405,0,0
SP-THERMO-122,Multi-function Thermometter / Timer for DR-122,28,0,28,28,0,0
SP-THFUSE-966,Overheat Protection Fuse For DR-966,59,0,59,59,0,0
SP-THFUSE-975,Over temperature protection fuse for DR-975,51,0,51,51,0,0
SP-THFUSE-988,Over temperature protection fuse for DR-988,15,0,15,15,0,0
SP-THST,DR-988 DR-966 Thermostat,159,0,159,159,0,0
SP-THST-301,"Thermostat replacement for ILG8SF301 , ILG8SF301A",0,0,0,0,0,0
SP-TILKNOB-72-430,"Tilt Knob (wheel) for Mobile Fan ILG8MF72-430 , A set of 2 pcs",0,0,0,0,0,0
SP-TILT-KNOB,"Tilt Adjustable Knob For DR-966, DR-975",7,0,7,7,0,0
SP-TILT-KNOB-2,Tilt Adjustable Knob for Salamander Heaters,0,0,0,0,0,0
SP-TIPSWITCH,"Tip-over Swith for DR-968, DR-968H, DR-998, DR-999, ILG-918",24,0,24,24,0,0
SP-TRIPODSOCKET,"Socket on Tripod for DR-338, DR-211 , with 12.5 ft extention cord",0,0,0,0,0,0
SP-V3-MAINBOARD,Main Circuit Board for V3 scooter,0,0,0,0,0,0
SP-V8-BACKWHEEL,Back Wheel of V8 scooter,18,0,18,18,0,0
SP-V8-BATTCB,Battery Capacity Circuit Board for V8 scooter,186,0,186,186,0,0
SP-V8-BATTDASH,Battery Dashboard for V8 scooter,0,0,0,0,0,0
SP-V8-DASH-BTM,Bottom Cover of Dashboard of V8 Scooter,14,0,14,14,0,0
SP-V8-DASH-TOP,Top Cover of Dashboard of V8 Scooter,28,0,28,28,0,0
SP-V8-DASHCVR,Full set of Covers of Dashboard of V8 Scooter,0,0,0,0,0,0
SP-V8-FENDER,Front Wheel Fender for V8 scooter,20,0,20,20,0,0
SP-V8-HORN,Horn Button for V8 scooter,13,0,13,13,0,0
SP-V8-I3-ARMKNOB,Armrest Knob for V8 or i3 scooter,8,0,8,8,0,0
SP-V8-LED,Front LED (Headlight) for V8 scooter,108,0,108,108,0,0
SP-V8-LED-CVR,"Front LED (Headlight) Cover (Housing) , for V8 scooter",29,0,29,29,0,0
SP-V8-LED-SW,"Front LED (Headlight) Switch, for V8 scooter",133,0,133,133,0,0
SP-V8-MAINCB,Main Control Board for V8 scooter,11,0,11,11,0,0
SP-V8-MIDSHROUD,"Middle Plastic Shround for V8 scooter, Blue",19,0,19,19,0,0
SP-V8-MOTOR,Motor for V8 scooter,31,0,31,31,0,0
SP-V8-PEDALBRACE,Pedal Brace for V8 scooter,50,0,50,50,0,0
SP-V8-PULL,Pull Handle for V8 scooter,12,0,12,12,0,0
SP-V8-SEAT,Seat Replacement for V8 scooter,0,0,0,0,0,0
SP-V8-SIDEWHEEL,Small Side Wheel for V8 scooter,111,0,111,111,0,0
SP-V8-SPACER,Plastic Spacer for V8 scooter,610,0,610,610,0,0
SP-V8-SPEEDPOT,Speed Potentiometer for V8 Scooter,47,0,47,47,0,0
SP-V8-STEP-LEFT,Left Side Step Board for V8 scooter,0,0,0,0,0,0
SP-V8-STEP-RIGHT,Right Side Step Board for V8 scooter,0,0,0,0,0,0
SP-V8-TBAR,T-Bar for V8 scooter,7,0,7,7,0,0
SP-V8-THROTTLE,Throttle for V8 scooter,201,0,201,201,0,0
SP-V8-TILLER-LEV,"Tiller Height Adjustment Levers, for V8 scooter",26,0,26,26,0,0
SP-V8-USB,"USB Port, for V8 scooter",0,0,0,0,0,0
SP-V8-WHEELCAP,Wheel Cap for V8 scooter,60,0,60,60,0,0
SP-VF10-PWRC,Power Cord Replacement for ILG8VF10,0,0,0,0,0,0
SP-VF12-FANGUARD,Fan Guard for ILG8VF12,0,0,0,0,0,0
SP-VF12-PWRC,Power Cord Replacement for ILG8VF12,0,0,0,0,0,0
SP-VF16-PWRC,Power Cord Replacement for ILG8VF16,0,0,0,0,0,0
SP-VF20-PWR-SW,Power Switch For ILG8VF20,18,0,18,18,0,0
SP-VF20-PWRC,Power Cord Replacement for ILG8VF20,0,0,0,0,0,0
SP-VF24-PWRC,Power Cord Replacement for ILG8VF24,0,0,0,0,0,0
SP-WALLMOUNT,"Wall mount bracket for DR-910F, DR-966, DR-975",44,0,44,44,0,0
SP-WALLSCREWS-14-15,A set of 2 screws for wall mount of ILG8E14-15,0,0,0,0,0,0
SP-WALLSCREWS-18-15,A set of 2 screws for wall mount of ILG8E18-15,0,0,0,0,0,0
SP-WATERFLOW-SW,Water Flow Switch for DR-650HP,0,0,0,0,0,0
SP-WHITE-WIRE,Crimp White Wire for wooden heater,716,0,716,716,0,0
SP-WTRUN-11XXHP,"Water Union (Coupling) for DR-1100HP, DR-1400HP, Black, 60.3mm",0,0,0,0,0,0
Special order-Cabinets,31134-ec-tg  31134-ic-tg 31134-ib-s10  31134-wic-tg,10,0,10,10,0,0
STAR-STRIP-BLUE,Stars and Stripe Scooter,0,0,0,0,0,0
STAR-STRIPE-RED,Stars and Stripes scooter,0,0,0,0,0,0
STAR-STRIPE-WHITE,Stars and Stripe Scooter,0,0,0,0,0,0
Test,Test item,1,0,1,1,0,0
Test item New,Test item 2 pk,0,0,0,0,0,0
Test-Tracking,Test-Tracking,3,0,2,2,0,0
Test100,Test100,95,0,95,95,0,0
Thermostat,General thermostats,100,0,0,0,0,0
TV,TV,0,0,0,0,0,0
UC-PS18SS-30_NEW,"RANGE HOOD 30""  ( HAUSLANE )",16,0,16,16,0,0
UC-PS18SS-30_USED,"RANGE HOOD 30"" ( HAUSLANE )",4,0,4,4,0,0
USJ-800KU,"Mini Back Massager, Black",0,0,0,0,0,0
USJ-803,"EZ STRIDE, Lightweight Treadmill",2,0,2,2,0,0
USJ-849,VITALITY PLATE,0,0,0,0,0,0
USJ-862,Reflexology Foot Massager,7,0,7,7,0,0
USJ-868,2-IN-1 CROSS STRIDE ELLIPTICAL TRAINER & BIKE,3,0,3,3,0,0
USJ-874,Shogun Neck & Back Massager,0,0,0,0,0,0
USJ-877,VITA TRAINER,2,0,2,2,0,0
USJ-880,Ninja Leg Massager 2,0,0,0,0,0,0
USJ-884,Knee Massager,0,0,0,0,0,0
USJ-892,CALF & KNEE MASSAGER,1,0,1,1,0,0
V3,iLiving V3 Foldable Scooter,0,0,0,0,0,0
V3-BATTERY,Battery for V3 Scooter,4,0,4,4,0,0
V3-OB,iLiving V3 Foldable Scooter (Open Box),1,0,1,1,0,0
V3-WALLCHARGER,V3 Wall charging adapter,0,0,0,0,0,0
V8,iLiving V8 Foldable Scooter,221,0,213,213,0,0
V8-BASKET,Basket for V8,66,0,37,37,0,0
V8-BATTERY,V8 Li-on Battery pack (2 batteries),50,0,50,50,0,0
V8-BU-Demo,V8 Demo Units,6,0,6,6,0,0
V8-CHARGER,Wall Charger for V8 Scooter,78,0,78,78,0,0
V8-CHRG-KIT,V8 Portable Charging Kit,0,0,0,0,0,0
V8-KEYS,"Keys for V8 scooter ignition and battery-lock , one set of keys",61,0,61,61,0,0
V8-TRAVEL-CASE,Travel Case for V8 scooter,1,0,1,1,0,0
WH-2094M,2094M Ab Power w/ meter - Crazy Abs Abdominal Exercise Home Gym,0,0,0,0,0,0
WH-903,"iLIVING USA Mini Twist Stepper with Handle Bars, Grey",0,0,0,0,0,0
WH-A701,Massage Chair,1,0,1,1,0,0
WH-BC628,BC-628 Back2Crawl Horizontal Crawling Exerciser - Home Series,0,0,0,0,0,0
WH-CA-9029,"Crazy Abs Abdominal Exercise Home Gym, Black",1,0,1,0,0,1
WH-CHINUP-BAR,New Chin Up Bar Pull Up Bar with Bonus Gift,0,0,0,0,0,0
WH-DB5023,"DB5023-Snow Blower 13 Amp, 120V, 60Hz, 18"" Electric Snow Blower",0,0,0,0,0,0
WH-DR-988B,DR-988B Industrial Heater,0,0,0,0,0,0
WH-DR928,"DR928 Dr Infrared Heater Limited Edition, Music Heater",0,0,0,0,0,0
WH-DR938,DR938 Portable Electric Fireplace,0,0,0,0,0,0
WH-ILG-255,iLiving Portable Power Wheelchair,0,0,0,0,0,0
WH-ILG-255-Demo,iLiving Portable Power Wheelchair,0,0,0,0,0,0
WH-ILG-500,Message Body Shaper Chair,0,0,0,0,0,0
WH-ILG-711,Protective Respirator,0,0,0,0,0,0
WH-ILG-903,"iLIVING USA Mini Twist Stepper with Handle Bars, Grey",0,0,0,0,0,0
wh-ILG-913-Black,"iLIVING Organic Buckwheat Pillow, 14 by 20-Inch, Black",0,0,0,0,0,0
WH-ILG-936,"iLIVING Rechargeable Neck and Shoulder Shiatsu Kneading Massager with Heat, 4.8 LBS",0,0,0,0,0,0
WH-ILG061,ILG061 Armchair Light Walnut color - Grey,0,0,0,0,0,0
WH-ILG901,iLiving 3D Shiatsu Backage Massage,0,0,0,0,0,0
WH-ILG904,"iLIVING Magnetic Upright Bike with Adjustable Seat, Yellow",0,0,0,0,1,0
WH-ILG912-White,"ILG-912-White iLIVING Organic Buckwheat Pillow, 14 by 20-Inch White",0,0,0,0,0,0
WH-ILG914,"LIVING Organic Buckwheat Pillow with Authentic Japanese Pillow Cover, 14 by 20-Inch, Green",0,0,0,0,0,0
WH-ILG921,iLiving 3D shoulder massage,157,0,157,157,0,0
WH-ILG922,"iLIVING Rechargeable Neck and Back Kneading Massager Shiatsu Pillow with Heat, Brown, 4.2 LBS",0,0,0,0,0,0
WH-ILG925,iLiving Massage Pillow,187,0,187,187,0,0
WH-ILG926,"iLiving Neck and Shoulder Massager, Beige",5,0,5,5,0,0
WH-ILG933,"iLIVING Rechargeable Neck and Back Kneading Massager Shiatsu Pillow with Heat, Brown, 4.2 LBS",0,0,0,0,0,0
WH-ILG937,ILG937 (PCF-607) Rechargeable Fan,0,0,0,0,0,0
WH-ILG938,HMA-300/CH-black ILG938 - iLIVING Air Purifier,0,0,0,0,0,0
WH-ILG958,"ILG958 iLIVING Portable Fireplace, 1500W, 5200BTU",0,0,0,0,0,0
WH-MK1,Face Mask,0,0,0,0,0,0
WH-MK1- LP2001,MyBack massager - LP2001,0,0,0,0,0,0
WH-MK1-ACU3-3lbs,ACU3 Accu Hoop Hula Hoop,0,0,0,0,0,0
WH-MK1-ACU5-5lbs,ACU5-5lbs Hula Hoop,0,0,0,0,0,0
WH-MK1-BR6100,BR6100 - Neck and Back Massage Cushion with Remote controller,0,0,0,0,0,0
WH-MK1-BR6200,BR6200 - Bestrest Massage Pillow,0,0,0,0,0,0
WH-MK1-BR7200,BR7200 Bestrest Foot Massager,0,0,0,0,0,0
WH-MK1-C02,SL-C02 - Handheld Massager,0,0,0,0,0,0
WH-MK1-C07,SL-C07 Vibration foot massager,0,0,0,0,0,0
WH-MK1-C09,Foot Roller Massager,0,0,0,0,0,0
WH-MK1-C21,C21 Handheld massager,0,0,0,0,0,0
WH-MK1-CGN005-4B,CGN005-4B Massage Bed,0,0,0,0,0,0
WH-MK1-D12-1,D12 Massage Pillow,0,0,0,0,0,0
WH-MK1-DFL516,DFL 516 - Body Shaper Massager,0,0,0,0,0,0
WH-MK1-DFL518,Hula Chair - DFL518,0,0,0,0,0,0
WH-MK1-Herb Pack,Herb Pack,0,0,0,0,0,0
WH-MK1-JA-301,JA-301 - Massage Belt,0,0,0,0,0,0
WH-MK1-JA821,JA821 Neck & Shoulder Tapping Massager,0,0,0,0,0,0
WH-MK1-JKW-833,JKW-833 - Massage Belt Red & white,0,0,0,0,0,0
WH-MK1-Knee Pack,Knee Pack,0,0,0,0,0,0
WH-MK1-MA5688,MA5688 Crazy Fit Massager - vibration plate,0,0,0,0,0,0
WH-MK1-ME-6200,La Escape Zero Gravity Reclining Massage Chair,0,0,0,0,0,0
WH-MK1-ME-A51,ME-A51 - Masse La Comfy Foot Massager. ETL. 110V,0,0,0,0,0,0
WH-MK1-ME-A51-DEMO,ME-A51 La Comfy Showroom Demo,0,0,0,0,0,0
WH-MK1-MK9111,MK9111 Foot Massager,0,0,0,0,0,0
WH-MK1-MK9122,C22 Foot Massager,0,0,0,0,0,0
WH-MK1-MS-NECKWAIST,Infrared Heating Neck & Waist Massager,0,0,0,0,0,0
WH-MK1-MSH-36-11D-RED,011D and 013D Stone Massage Shoes Sizes 36 - 41,0,0,0,0,0,0
WH-MK1-MSH-36-13D-YEL,Massage Shoes-36-13D-Yellow,0,0,0,0,0,0
WH-MK1-MSH-37-11D-RED,Massage Shoes-37-11D-Red,0,0,0,0,0,0
WH-MK1-MSH-37-13D-YEL,Massage Shoes-37-13D-Yellow,0,0,0,0,0,0
WH-MK1-MSH-38-11D-RED,Massage Shoes-38-11D-Red,0,0,0,0,0,0
WH-MK1-MSH-38-13D-YEL,Massage Shoes-38-13D-Yellow,0,0,0,0,0,0
WH-MK1-MSH-39-11D-RED,Massage Shoes-39-11D-Red,0,0,0,0,0,0
WH-MK1-MSH-39-13D-YEL,Massage Shoes-39-13D-Yellow,0,0,0,0,0,0
WH-MK1-MSH-40-11D-RED,Massage Shoes-40-11D-Red,0,0,0,0,0,0
WH-MK1-MSH-41-11D-RED,Massage Shoes-41-11D-Red,0,0,0,0,0,0
WH-MK1-MSH-41-13D-YEL,Massage Shoes-41-13D-Yellow,0,0,0,0,0,0
WH-MK1-MSH-41-BLU,Massage Shoes-41-Blue Color,0,0,0,0,0,0
WH-MK1-MSH-41-NAT,Massage Shoes-41-Natural color,0,0,0,0,0,0
WH-MK1-MSH-42-BLK,Massage Shoes-42-Black Color,0,0,0,0,0,0
WH-MK1-MSH-42-BLU,Massage Shoes-42-Blue Color,0,0,0,0,0,0
WH-MK1-MSPAD-ROUND,Stone Massage Pads Round,0,0,0,0,0,0
WH-MK1-MSPAD-SQUARE,Stone Massage Pads Square,0,0,0,0,0,0
WH-MK1-SF-B02,SF-B02-Sunny Motorized Mini Bike,0,0,0,0,0,0
WH-MK1-SF-E09,E09 - Sunny Twist Steppler,0,0,0,0,0,0
WH-MK1-SF-E806,SF-E806 - Sunny Mini Elliptical with Handle Bar,0,0,0,0,0,0
WH-MK1-TS-610AA,TS-610AA Tokuyo Foot Massager,0,0,0,0,0,0
WH-MK1-USJ -516,USJ-516 lumbar sculptor,0,0,0,0,0,0
WH-MK1-USJ-101,USJ-101 Reflex Roller,0,0,0,0,0,0
WH-MK1-USJ-201,USJ-201 Swing Master,0,0,0,0,0,0
WH-MK1-USJ-206,USJ-206 Figure Trimmer,0,0,0,0,0,0
WH-MK1-USJ-317,USJ-317 EZ Cycle,0,0,0,0,0,0
WH-MK1-USJ-504,USJ-504 Shoe Pads Tropical Shiatsu Shoe Pads,0,0,0,0,0,0
WH-MK1-USJ-568L,USJ-568L Magnetic Waist Belt,90,0,90,90,0,0
WH-MK1-USJ-568M,USJ-568M Magnetic Waist Belt,59,0,22,22,0,0
WH-MK1-USJ-568S,USJ-568S Magnetic Waist Belt,45,0,45,45,0,0
WH-MK1-USJ-576,MK1-USJ-576 Back Pleaser,0,0,0,0,0,0
WH-MK1-USJ-589,USJ-589 Head Massager,0,0,0,0,0,0
WH-MK1-USJ-591,USJ-591 Back Shiatsu Super Motion with Heat,0,0,0,0,0,0
WH-MK1-USJ-628,USJ-628 Bump N Scratch,0,0,0,0,0,0
WH-MK1-USJ-690L,USJ-690L Magnetic Knee Supporter,80,0,80,80,0,0
WH-MK1-USJ-690M,USJ-690M Magnetic Knee Supporter,164,0,164,164,0,0
WH-MK1-USJ-690S,USJ-690M Magnetic Knee Supporter,4,0,4,4,0,0
WH-MK1-USJ-782,USJ-782 EZ Bike,0,0,0,0,0,0
WH-MK1-USJ-911,USJ-911 Memory Foam Pillow,0,0,0,0,0,0
WH-MK1-Wheat Pillow,Wheat Pillow,0,0,0,0,0,0
WH-MK1-WNQ-33182A,WNQ-33182A Fitness Bike,0,0,0,0,0,0
WH-MK9-ME9502,ME9502 Masse Massage Chair,0,0,0,0,0,0
WH-MK9-MK9108A,SL-A08-2 Massage chair,0,0,0,0,0,0
WH-MK9-MK9128-1,SL-A18-1 Massage chair,0,0,0,0,0,0
WH-MK9-MK9178,RK7801,0,0,0,0,0,0
WH-MT9157,Maztang 3d Shiatsu Massage Neck Shoulder Massager Cushion with Heat,0,0,0,0,0,0
WH-MT968,"Maztang MT968 18 inch 13.5 Amps Electric Snow Blower,",0,0,0,0,0,0
WH-MT988,Maztang MT988 18 inch 13.5 Amps Electric Snow Blower,0,0,0,0,0,0
WH-Resistance Band,Resitance Band for Exercise Workout Bands,0,0,0,0,0,0
WH-ST-101,Exercise machine,12,0,12,12,0,0
WH-WI-0038,WI-0038 Portable Fireplace,0,0,0,0,0,0
"January 7, 2026 6:00:08 AM PST",,,,,,,
